Data,Conta de Anúncio,Campanha,Público,Criativo,Ad ID, Investimento , Faturamento (Tráfego) ,Vendas,Checkout,Visitou Página,Cliques,Impressões,Frequência, CPM ,View 3seg,View 75%,Link Criativo,Thumbnail URL,AD Status,Orçamento,"Leads 
(checkout real)","Vendas 
(real)", Faturamento (Bruto) , Comissão Líquida , Taxa (Plataforma) , Faturamento (Ingresso) , Faturamento (OrderBump) 
13/03/2026,Suplementação na Prática,[RA][Leads][Captação] Lançamento MGP,[ADV] Aberto,AD001 - O pecuarista que não,120241819703850429,"68,75",0,0,0,47,99,6214,"1,02","11,06",0,0,https://www.instagram.com/p/DV_JT40AISh/,https://external.xx.fbcdn.net/emg1/v/t13/2603904423672303347?url=https%3A%2F%2Fwww.facebook.com%2Fads%2Fimage%2F%3Fd%3DAQJCO3V3p0ygbzdxZ9enaPDW5hkq1_CznJ84_1xNiC4IY4A4Jb_E3bN86dKDO7UctFD-E9qmyMKiwnBq8ScheQOH02Z_j02Pd9vEDseS53oS6qXUHBFwCZO51SL5kq6AFoCLyTCzheJKqFcYWpa5CDze&fb_obo=1&utld=facebook.com&stp=c0.5000x0.5000f_dst-emg0_q75_tt6&edm=AOgd6ZUEAAAA&_nc_gid=EHtcjvRKjew78KK8RO285w&_nc_oc=AdouOKt8oYHwumvL5CZcFIsfCHpH5yRwnETKvzUTPV1eKrP-P5hzkGG_9MwlAdwtIew&ccb=13-1&oh=06_Q3-9Aa_YncmIUnwViqnZ-F2yzpCDnr4ow66VST1H4iaaM1kF&oe=69CEF963&_nc_sid=58080a,PAUSED,150,,,,,,,
15/03/2026,Suplementação na Prática,[RA][Leads][Captação] Lançamento MGP,[ADV] Aberto,AD001 - O pecuarista que não,120241819703850429,"13,61",0,0,0,4,14,297,"1,24","45,82",0,0,https://www.instagram.com/p/DV_JT40AISh/,https://external.xx.fbcdn.net/emg1/v/t13/2603904423672303347?url=https%3A%2F%2Fwww.facebook.com%2Fads%2Fimage%2F%3Fd%3DAQJCO3V3p0ygbzdxZ9enaPDW5hkq1_CznJ84_1xNiC4IY4A4Jb_E3bN86dKDO7UctFD-E9qmyMKiwnBq8ScheQOH02Z_j02Pd9vEDseS53oS6qXUHBFwCZO51SL5kq6AFoCLyTCzheJKqFcYWpa5CDze&fb_obo=1&utld=facebook.com&stp=c0.5000x0.5000f_dst-emg0_q75_tt6&edm=AOgd6ZUEAAAA&_nc_gid=EHtcjvRKjew78KK8RO285w&_nc_oc=AdouOKt8oYHwumvL5CZcFIsfCHpH5yRwnETKvzUTPV1eKrP-P5hzkGG_9MwlAdwtIew&ccb=13-1&oh=06_Q3-9Aa_YncmIUnwViqnZ-F2yzpCDnr4ow66VST1H4iaaM1kF&oe=69CEF963&_nc_sid=58080a,PAUSED,150,,,,,,,
15/03/2026,Suplementação na Prática,[RA][Leads][Captação] Lançamento MGP,[ADV] Aberto,AD002 - Manejar no olhometro,120241822139300429,"16,34",0,0,0,4,14,832,"1,1","19,64",0,0,https://www.instagram.com/p/DV_JT0nAFEW/,https://external.xx.fbcdn.net/emg1/v/t13/9242794386734658836?url=https%3A%2F%2Fwww.facebook.com%2Fads%2Fimage%2F%3Fd%3DAQIUa8CAJ4ckc5mE-zf2KoggmWkUReZ4krL5PGbUE3lAOdC2dSrYIJu2KX8rbmUca-mmByoVeBQrJIKxpeD90WjbM-u-4P4WeWlSAKekt-siCS-8jGYIYiNbZcIlkU0-JkQ6kf9L1LG73Kl6PssufDJ3&fb_obo=1&utld=facebook.com&stp=c0.5000x0.5000f_dst-emg0_q75_tt6&edm=AOgd6ZUEAAAA&_nc_gid=EHtcjvRKjew78KK8RO285w&_nc_oc=AdqS8HCDSF4iWjR8zFjVcn3vrhEVfmL-88ZeftLvoVWRA7qd5KkAk2wmU0kvZmMyMuI&ccb=13-1&oh=06_Q3-9Adx6wJ5uCKOQ160dAB83zlYspuHs_0YxD3BUZRstQlPx&oe=69CF201E&_nc_sid=58080a,PAUSED,150,,,,,,,
15/03/2026,Suplementação na Prática,[RA][Leads][Captação] Lançamento MGP,[ADV] Aberto,AD003 - Gestão do pasto,120241822139310429,"14,46",0,0,0,14,24,705,"1,32","20,51",0,0,https://www.instagram.com/p/DV_JT0HAH3v/,https://external.xx.fbcdn.net/emg1/v/t13/13065861944801083276?url=https%3A%2F%2Fwww.facebook.com%2Fads%2Fimage%2F%3Fd%3DAQLh66VnSc8ueAngUAt9v4G2PSmdI7vR6mTn84pf9pcI0zh2fkD1y_1OEcWygQxzlgsPwj8tX30dTnuI7v3J8c09jeid4W57h0wWI5E_3S8JHl03HtYPIwRHnEaeN6xllT9kheCHKM-RG0nzyXA3A1fo&fb_obo=1&utld=facebook.com&stp=c0.5000x0.5000f_dst-emg0_q75_tt6&edm=AOgd6ZUEAAAA&_nc_gid=EHtcjvRKjew78KK8RO285w&_nc_oc=AdqcCqbGnsxXewkdruGrKrsXkhHyQ6aO1wRwycX3BJMec925ClcwujLGI8p8WXLhghg&ccb=13-1&oh=06_Q3-9AdHIlmKLo0ODKNSuHOHnrniau0mZmhbUgW8u-cZ3hOmQ&oe=69CF02F8&_nc_sid=58080a,ACTIVE,150,,,,,,,
15/03/2026,Suplementação na Prática,[RA][Leads][Captação] Lançamento MGP,[ADV] Aberto,AD004 - Coloque até 2x mais,120241822139260429,"34,31",0,0,1,18,40,2105,"1,22","16,3",0,0,https://www.instagram.com/p/DV_JTvIgFHD/,https://external.xx.fbcdn.net/emg1/v/t13/7038129135912776021?url=https%3A%2F%2Fwww.facebook.com%2Fads%2Fimage%2F%3Fd%3DAQJ-8BRXxwlqtfefMCKsuGmuUeUPORDTfVseKcXsjnUr2Q4ati1s5WVHQeJGXiDYkSnFOQJSjynbgnT1x3uo2OBspkbJBXj-v64XSnuZNQhyANVRBWuFZxR0LoyfeBzhzgi4uLg0pliWq7qxgJNzATr1&fb_obo=1&utld=facebook.com&stp=c0.5000x0.5000f_dst-emg0_q75_tt6&edm=AOgd6ZUEAAAA&_nc_gid=EHtcjvRKjew78KK8RO285w&_nc_oc=Adr0sULdJIZy365jVLzsfhRgY1Kei_TDzuziJJUkVhlPcU7a6Aab4JdJmT7nZP0Axgc&ccb=13-1&oh=06_Q3-9AR0wTrPnb7BWmP_2N4lGuHBeFSnbYxD5zQz2ErG6lZQN&oe=69CEFDF0&_nc_sid=58080a,PAUSED,150,,,,,,,
15/03/2026,Suplementação na Prática,[RA][Leads][Captação] Lançamento MGP,[ADV] Aberto,AD005 - O erro típico,120241822139270429,"0,45",0,0,0,2,2,25,"1,14",18,0,0,https://www.instagram.com/p/DV_JT1ZACeP/,https://external.xx.fbcdn.net/emg1/v/t13/12579726523685991450?url=https%3A%2F%2Fwww.facebook.com%2Fads%2Fimage%2F%3Fd%3DAQKsonrFFmmgjsbySMZykMGbecKmUjdQgE3UDN7hDNdBAdFU_KD3QdAVDnv0-uLICKUIcrSBkC7wXNbLPM2paHK0IYcXee4UwA7G-jCpGYObcB1DKWfDNEw4XN80Of0QWbpo7a4XSiGBbFFW6XyfOGTl&fb_obo=1&utld=facebook.com&stp=c0.5000x0.5000f_dst-emg0_q75_tt6&edm=AOgd6ZUEAAAA&_nc_gid=EHtcjvRKjew78KK8RO285w&_nc_oc=Adp4G8O2xtLsypDoI6OStLVcNP0WI-xmbZdxPlEUiRZDQUHaQEWaWUNJlbgDs-AwCUY&ccb=13-1&oh=06_Q3-9AT0XWHjhn-e-11CpoNMvbK9JafPrsEtzvgoerWOPtt3r&oe=69CEFE25&_nc_sid=58080a,PAUSED,150,,,,,,,
15/03/2026,Suplementação na Prática,[RA][Leads][Captação] Lançamento MGP,[ADV] Aberto,AD007 - Enquete do manejo,120241822139280429,"1,84",0,0,0,0,0,47,"1,07","39,15",0,0,https://www.instagram.com/p/DV_JTyNAJj7/,https://external.xx.fbcdn.net/emg1/v/t13/8839943925757702190?url=https%3A%2F%2Fwww.facebook.com%2Fads%2Fimage%2F%3Fd%3DAQK9aLL_ddq8TpT-yP3MwHE-7mLlFB6cU5NoYSyaPLqPUtybt0XG4CiNHdJCdAJoNMFJg6vdHi2TOpmDykFckVdSR83eTvruAqqj3HqZftCWibcdE6k9yDQwzB0LwBc_wEsmfT4wNlZcwhRU2ZOAi5Kw&fb_obo=1&utld=facebook.com&stp=c0.5000x0.5000f_dst-emg0_q75_tt6&edm=AOgd6ZUEAAAA&_nc_gid=EHtcjvRKjew78KK8RO285w&_nc_oc=Adp0cZS_M8nhbdFCwx0EiiSlL-eHKE9jWHO6cnGnKe7PJnjqWpLNPSyT6L7STYW0j-Y&ccb=13-1&oh=06_Q3-9ARobn325CrrKDblkQ7-Y9KhceB6Lx9UUHDpe2kjLJnRA&oe=69CF0178&_nc_sid=58080a,PAUSED,150,,,,,,,
16/03/2026,Suplementação na Prática,[RA][Leads][Captação] Lançamento MGP,[ADV] Aberto,AD001 - O pecuarista que não,120241819703850429,"2,62",0,0,0,3,11,119,"1,28","22,02",0,0,https://www.instagram.com/p/DV_JT40AISh/,https://external.xx.fbcdn.net/emg1/v/t13/2603904423672303347?url=https%3A%2F%2Fwww.facebook.com%2Fads%2Fimage%2F%3Fd%3DAQJCO3V3p0ygbzdxZ9enaPDW5hkq1_CznJ84_1xNiC4IY4A4Jb_E3bN86dKDO7UctFD-E9qmyMKiwnBq8ScheQOH02Z_j02Pd9vEDseS53oS6qXUHBFwCZO51SL5kq6AFoCLyTCzheJKqFcYWpa5CDze&fb_obo=1&utld=facebook.com&stp=c0.5000x0.5000f_dst-emg0_q75_tt6&edm=AOgd6ZUEAAAA&_nc_gid=EHtcjvRKjew78KK8RO285w&_nc_oc=AdouOKt8oYHwumvL5CZcFIsfCHpH5yRwnETKvzUTPV1eKrP-P5hzkGG_9MwlAdwtIew&ccb=13-1&oh=06_Q3-9Aa_YncmIUnwViqnZ-F2yzpCDnr4ow66VST1H4iaaM1kF&oe=69CEF963&_nc_sid=58080a,PAUSED,150,,,,,,,
16/03/2026,Suplementação na Prática,[RA][Leads][Captação] Lançamento MGP,[ADV] Aberto,AD002 - Manejar no olhometro,120241822139300429,"1,65",0,0,0,3,5,51,"1,09","32,35",0,0,https://www.instagram.com/p/DV_JT0nAFEW/,https://external.xx.fbcdn.net/emg1/v/t13/9242794386734658836?url=https%3A%2F%2Fwww.facebook.com%2Fads%2Fimage%2F%3Fd%3DAQIUa8CAJ4ckc5mE-zf2KoggmWkUReZ4krL5PGbUE3lAOdC2dSrYIJu2KX8rbmUca-mmByoVeBQrJIKxpeD90WjbM-u-4P4WeWlSAKekt-siCS-8jGYIYiNbZcIlkU0-JkQ6kf9L1LG73Kl6PssufDJ3&fb_obo=1&utld=facebook.com&stp=c0.5000x0.5000f_dst-emg0_q75_tt6&edm=AOgd6ZUEAAAA&_nc_gid=EHtcjvRKjew78KK8RO285w&_nc_oc=AdqS8HCDSF4iWjR8zFjVcn3vrhEVfmL-88ZeftLvoVWRA7qd5KkAk2wmU0kvZmMyMuI&ccb=13-1&oh=06_Q3-9Adx6wJ5uCKOQ160dAB83zlYspuHs_0YxD3BUZRstQlPx&oe=69CF201E&_nc_sid=58080a,PAUSED,150,,,,,,,
16/03/2026,Suplementação na Prática,[RA][Leads][Captação] Lançamento MGP,[ADV] Aberto,AD003 - Gestão do pasto,120241822139310429,"13,87",0,0,0,12,17,1014,"1,3","13,68",0,0,https://www.instagram.com/p/DV_JT0HAH3v/,https://external.xx.fbcdn.net/emg1/v/t13/13065861944801083276?url=https%3A%2F%2Fwww.facebook.com%2Fads%2Fimage%2F%3Fd%3DAQLh66VnSc8ueAngUAt9v4G2PSmdI7vR6mTn84pf9pcI0zh2fkD1y_1OEcWygQxzlgsPwj8tX30dTnuI7v3J8c09jeid4W57h0wWI5E_3S8JHl03HtYPIwRHnEaeN6xllT9kheCHKM-RG0nzyXA3A1fo&fb_obo=1&utld=facebook.com&stp=c0.5000x0.5000f_dst-emg0_q75_tt6&edm=AOgd6ZUEAAAA&_nc_gid=EHtcjvRKjew78KK8RO285w&_nc_oc=AdqcCqbGnsxXewkdruGrKrsXkhHyQ6aO1wRwycX3BJMec925ClcwujLGI8p8WXLhghg&ccb=13-1&oh=06_Q3-9AdHIlmKLo0ODKNSuHOHnrniau0mZmhbUgW8u-cZ3hOmQ&oe=69CF02F8&_nc_sid=58080a,ACTIVE,150,,,,,,,
16/03/2026,Suplementação na Prática,[RA][Leads][Captação] Lançamento MGP,[ADV] Aberto,AD004 - Coloque até 2x mais,120241822139260429,25,0,0,0,20,25,2104,"1,5","11,88",0,0,https://www.instagram.com/p/DV_JTvIgFHD/,https://external.xx.fbcdn.net/emg1/v/t13/7038129135912776021?url=https%3A%2F%2Fwww.facebook.com%2Fads%2Fimage%2F%3Fd%3DAQJ-8BRXxwlqtfefMCKsuGmuUeUPORDTfVseKcXsjnUr2Q4ati1s5WVHQeJGXiDYkSnFOQJSjynbgnT1x3uo2OBspkbJBXj-v64XSnuZNQhyANVRBWuFZxR0LoyfeBzhzgi4uLg0pliWq7qxgJNzATr1&fb_obo=1&utld=facebook.com&stp=c0.5000x0.5000f_dst-emg0_q75_tt6&edm=AOgd6ZUEAAAA&_nc_gid=EHtcjvRKjew78KK8RO285w&_nc_oc=Adr0sULdJIZy365jVLzsfhRgY1Kei_TDzuziJJUkVhlPcU7a6Aab4JdJmT7nZP0Axgc&ccb=13-1&oh=06_Q3-9AR0wTrPnb7BWmP_2N4lGuHBeFSnbYxD5zQz2ErG6lZQN&oe=69CEFDF0&_nc_sid=58080a,PAUSED,150,,,,,,,
16/03/2026,Suplementação na Prática,[RA][Leads][Captação] Lançamento MGP,[ADV] Aberto,AD005 - O erro típico,120241822139270429,"0,06",0,0,0,0,0,2,1,30,0,0,https://www.instagram.com/p/DV_JT1ZACeP/,https://external.xx.fbcdn.net/emg1/v/t13/12579726523685991450?url=https%3A%2F%2Fwww.facebook.com%2Fads%2Fimage%2F%3Fd%3DAQKsonrFFmmgjsbySMZykMGbecKmUjdQgE3UDN7hDNdBAdFU_KD3QdAVDnv0-uLICKUIcrSBkC7wXNbLPM2paHK0IYcXee4UwA7G-jCpGYObcB1DKWfDNEw4XN80Of0QWbpo7a4XSiGBbFFW6XyfOGTl&fb_obo=1&utld=facebook.com&stp=c0.5000x0.5000f_dst-emg0_q75_tt6&edm=AOgd6ZUEAAAA&_nc_gid=EHtcjvRKjew78KK8RO285w&_nc_oc=Adp4G8O2xtLsypDoI6OStLVcNP0WI-xmbZdxPlEUiRZDQUHaQEWaWUNJlbgDs-AwCUY&ccb=13-1&oh=06_Q3-9AT0XWHjhn-e-11CpoNMvbK9JafPrsEtzvgoerWOPtt3r&oe=69CEFE25&_nc_sid=58080a,PAUSED,150,,,,,,,
16/03/2026,Suplementação na Prática,[RA][Leads][Captação] Lançamento MGP,[ADV] Aberto,AD007 - Enquete do manejo,120241822139280429,"0,68",0,0,0,0,0,55,"1,41","12,36",0,0,https://www.instagram.com/p/DV_JTyNAJj7/,https://external.xx.fbcdn.net/emg1/v/t13/8839943925757702190?url=https%3A%2F%2Fwww.facebook.com%2Fads%2Fimage%2F%3Fd%3DAQK9aLL_ddq8TpT-yP3MwHE-7mLlFB6cU5NoYSyaPLqPUtybt0XG4CiNHdJCdAJoNMFJg6vdHi2TOpmDykFckVdSR83eTvruAqqj3HqZftCWibcdE6k9yDQwzB0LwBc_wEsmfT4wNlZcwhRU2ZOAi5Kw&fb_obo=1&utld=facebook.com&stp=c0.5000x0.5000f_dst-emg0_q75_tt6&edm=AOgd6ZUEAAAA&_nc_gid=EHtcjvRKjew78KK8RO285w&_nc_oc=Adp0cZS_M8nhbdFCwx0EiiSlL-eHKE9jWHO6cnGnKe7PJnjqWpLNPSyT6L7STYW0j-Y&ccb=13-1&oh=06_Q3-9ARobn325CrrKDblkQ7-Y9KhceB6Lx9UUHDpe2kjLJnRA&oe=69CF0178&_nc_sid=58080a,PAUSED,150,,,,,,,
17/03/2026,Suplementação na Prática,[RA][Leads][Captação] Lançamento MGP,[ADV] Aberto,AD002 - Manejar no olhometro,120241822139300429,"0,09",0,0,0,0,0,6,1,15,0,0,https://www.instagram.com/p/DV_JT0nAFEW/,https://external.xx.fbcdn.net/emg1/v/t13/9242794386734658836?url=https%3A%2F%2Fwww.facebook.com%2Fads%2Fimage%2F%3Fd%3DAQIUa8CAJ4ckc5mE-zf2KoggmWkUReZ4krL5PGbUE3lAOdC2dSrYIJu2KX8rbmUca-mmByoVeBQrJIKxpeD90WjbM-u-4P4WeWlSAKekt-siCS-8jGYIYiNbZcIlkU0-JkQ6kf9L1LG73Kl6PssufDJ3&fb_obo=1&utld=facebook.com&stp=c0.5000x0.5000f_dst-emg0_q75_tt6&edm=AOgd6ZUEAAAA&_nc_gid=EHtcjvRKjew78KK8RO285w&_nc_oc=AdqS8HCDSF4iWjR8zFjVcn3vrhEVfmL-88ZeftLvoVWRA7qd5KkAk2wmU0kvZmMyMuI&ccb=13-1&oh=06_Q3-9Adx6wJ5uCKOQ160dAB83zlYspuHs_0YxD3BUZRstQlPx&oe=69CF201E&_nc_sid=58080a,PAUSED,150,,,,,,,
17/03/2026,Suplementação na Prática,[RA][Leads][Captação] Lançamento MGP,[ADV] Aberto,AD003 - Gestão do pasto,120241822139310429,"29,02",0,0,1,20,31,2210,"1,41","13,13",0,0,https://www.instagram.com/p/DV_JT0HAH3v/,https://external.xx.fbcdn.net/emg1/v/t13/13065861944801083276?url=https%3A%2F%2Fwww.facebook.com%2Fads%2Fimage%2F%3Fd%3DAQLh66VnSc8ueAngUAt9v4G2PSmdI7vR6mTn84pf9pcI0zh2fkD1y_1OEcWygQxzlgsPwj8tX30dTnuI7v3J8c09jeid4W57h0wWI5E_3S8JHl03HtYPIwRHnEaeN6xllT9kheCHKM-RG0nzyXA3A1fo&fb_obo=1&utld=facebook.com&stp=c0.5000x0.5000f_dst-emg0_q75_tt6&edm=AOgd6ZUEAAAA&_nc_gid=EHtcjvRKjew78KK8RO285w&_nc_oc=AdqcCqbGnsxXewkdruGrKrsXkhHyQ6aO1wRwycX3BJMec925ClcwujLGI8p8WXLhghg&ccb=13-1&oh=06_Q3-9AdHIlmKLo0ODKNSuHOHnrniau0mZmhbUgW8u-cZ3hOmQ&oe=69CF02F8&_nc_sid=58080a,ACTIVE,150,,,,,,,
17/03/2026,Suplementação na Prática,[RA][Leads][Captação] Lançamento MGP,[ADV] Aberto,AD004 - Coloque até 2x mais,120241822139260429,"18,06","299,1",1,0,9,21,952,"1,26","18,97",0,0,https://www.instagram.com/p/DV_JTvIgFHD/,https://external.xx.fbcdn.net/emg1/v/t13/7038129135912776021?url=https%3A%2F%2Fwww.facebook.com%2Fads%2Fimage%2F%3Fd%3DAQJ-8BRXxwlqtfefMCKsuGmuUeUPORDTfVseKcXsjnUr2Q4ati1s5WVHQeJGXiDYkSnFOQJSjynbgnT1x3uo2OBspkbJBXj-v64XSnuZNQhyANVRBWuFZxR0LoyfeBzhzgi4uLg0pliWq7qxgJNzATr1&fb_obo=1&utld=facebook.com&stp=c0.5000x0.5000f_dst-emg0_q75_tt6&edm=AOgd6ZUEAAAA&_nc_gid=EHtcjvRKjew78KK8RO285w&_nc_oc=Adr0sULdJIZy365jVLzsfhRgY1Kei_TDzuziJJUkVhlPcU7a6Aab4JdJmT7nZP0Axgc&ccb=13-1&oh=06_Q3-9AR0wTrPnb7BWmP_2N4lGuHBeFSnbYxD5zQz2ErG6lZQN&oe=69CEFDF0&_nc_sid=58080a,PAUSED,150,,,,,,,
17/03/2026,Suplementação na Prática,[RA][Leads][Captação] Lançamento MGP,[ADV] Aberto,AD005 - O erro típico,120241822139270429,"0,09",0,0,0,0,0,7,1,"12,86",0,0,https://www.instagram.com/p/DV_JT1ZACeP/,https://external.xx.fbcdn.net/emg1/v/t13/12579726523685991450?url=https%3A%2F%2Fwww.facebook.com%2Fads%2Fimage%2F%3Fd%3DAQKsonrFFmmgjsbySMZykMGbecKmUjdQgE3UDN7hDNdBAdFU_KD3QdAVDnv0-uLICKUIcrSBkC7wXNbLPM2paHK0IYcXee4UwA7G-jCpGYObcB1DKWfDNEw4XN80Of0QWbpo7a4XSiGBbFFW6XyfOGTl&fb_obo=1&utld=facebook.com&stp=c0.5000x0.5000f_dst-emg0_q75_tt6&edm=AOgd6ZUEAAAA&_nc_gid=EHtcjvRKjew78KK8RO285w&_nc_oc=Adp4G8O2xtLsypDoI6OStLVcNP0WI-xmbZdxPlEUiRZDQUHaQEWaWUNJlbgDs-AwCUY&ccb=13-1&oh=06_Q3-9AT0XWHjhn-e-11CpoNMvbK9JafPrsEtzvgoerWOPtt3r&oe=69CEFE25&_nc_sid=58080a,PAUSED,150,,,,,,,
17/03/2026,Suplementação na Prática,[RA][Leads][Captação] Lançamento MGP,[ADV] Aberto,AD006 - Saia do achismo,120241822139290429,"0,76",0,0,0,0,1,24,"1,14","31,67",0,0,https://www.instagram.com/p/DV_JTtrADSU/,https://external.xx.fbcdn.net/emg1/v/t13/239684281149676357?url=https%3A%2F%2Fwww.facebook.com%2Fads%2Fimage%2F%3Fd%3DAQLdPCGfmZMwaaEhO-vBI1NTcZsPc0PeGr9YHOkz_WJVis44vjGPWmOFi34KJRorz1ivJbXU8_VnOoakHMPbzj3-ucopGBduvehKz9u1Ai-wnjYCm4NdxRKYkkUgFYL2_D3_MkF2qGmBdlkJ1hGk8QFT&fb_obo=1&utld=facebook.com&stp=c0.5000x0.5000f_dst-emg0_q75_tt6&edm=AOgd6ZUEAAAA&_nc_gid=EHtcjvRKjew78KK8RO285w&_nc_oc=Adrp5PhsrxjzBYpv3BKXZ6Nmxf7k-UH4gM5E8vt-CMIC31UnEaW0VE_sqN5nlHs2pxw&ccb=13-1&oh=06_Q3-9AaNo0XsH09Hu_bJxHtM0sh37XXlzkWsCiPy4VTXL3gwx&oe=69CF0F10&_nc_sid=58080a,PAUSED,150,,,,,,,
17/03/2026,Suplementação na Prática,[RA][Leads][Captação] Lançamento MGP,[ADV] Aberto,AD007 - Enquete do manejo,120241822139280429,"0,3",0,0,0,0,0,14,"1,08","21,43",0,0,https://www.instagram.com/p/DV_JTyNAJj7/,https://external.xx.fbcdn.net/emg1/v/t13/8839943925757702190?url=https%3A%2F%2Fwww.facebook.com%2Fads%2Fimage%2F%3Fd%3DAQK9aLL_ddq8TpT-yP3MwHE-7mLlFB6cU5NoYSyaPLqPUtybt0XG4CiNHdJCdAJoNMFJg6vdHi2TOpmDykFckVdSR83eTvruAqqj3HqZftCWibcdE6k9yDQwzB0LwBc_wEsmfT4wNlZcwhRU2ZOAi5Kw&fb_obo=1&utld=facebook.com&stp=c0.5000x0.5000f_dst-emg0_q75_tt6&edm=AOgd6ZUEAAAA&_nc_gid=EHtcjvRKjew78KK8RO285w&_nc_oc=Adp0cZS_M8nhbdFCwx0EiiSlL-eHKE9jWHO6cnGnKe7PJnjqWpLNPSyT6L7STYW0j-Y&ccb=13-1&oh=06_Q3-9ARobn325CrrKDblkQ7-Y9KhceB6Lx9UUHDpe2kjLJnRA&oe=69CF0178&_nc_sid=58080a,PAUSED,150,,,,,,,
18/03/2026,Suplementação na Prática,[RA][Leads][Captação] Lançamento MGP,[ADV] Aberto,AD001 - O pecuarista que não,120241819703850429,"3,42",0,0,0,2,5,194,"1,27","17,63",0,0,https://www.instagram.com/p/DV_JT40AISh/,https://external.xx.fbcdn.net/emg1/v/t13/2603904423672303347?url=https%3A%2F%2Fwww.facebook.com%2Fads%2Fimage%2F%3Fd%3DAQJCO3V3p0ygbzdxZ9enaPDW5hkq1_CznJ84_1xNiC4IY4A4Jb_E3bN86dKDO7UctFD-E9qmyMKiwnBq8ScheQOH02Z_j02Pd9vEDseS53oS6qXUHBFwCZO51SL5kq6AFoCLyTCzheJKqFcYWpa5CDze&fb_obo=1&utld=facebook.com&stp=c0.5000x0.5000f_dst-emg0_q75_tt6&edm=AOgd6ZUEAAAA&_nc_gid=EHtcjvRKjew78KK8RO285w&_nc_oc=AdouOKt8oYHwumvL5CZcFIsfCHpH5yRwnETKvzUTPV1eKrP-P5hzkGG_9MwlAdwtIew&ccb=13-1&oh=06_Q3-9Aa_YncmIUnwViqnZ-F2yzpCDnr4ow66VST1H4iaaM1kF&oe=69CEF963&_nc_sid=58080a,PAUSED,150,,,,,,,
18/03/2026,Suplementação na Prática,[RA][Leads][Captação] Lançamento MGP,[ADV] Aberto,AD002 - Manejar no olhometro,120241822139300429,"0,44",0,0,0,1,1,5,1,88,0,0,https://www.instagram.com/p/DV_JT0nAFEW/,https://external.xx.fbcdn.net/emg1/v/t13/9242794386734658836?url=https%3A%2F%2Fwww.facebook.com%2Fads%2Fimage%2F%3Fd%3DAQIUa8CAJ4ckc5mE-zf2KoggmWkUReZ4krL5PGbUE3lAOdC2dSrYIJu2KX8rbmUca-mmByoVeBQrJIKxpeD90WjbM-u-4P4WeWlSAKekt-siCS-8jGYIYiNbZcIlkU0-JkQ6kf9L1LG73Kl6PssufDJ3&fb_obo=1&utld=facebook.com&stp=c0.5000x0.5000f_dst-emg0_q75_tt6&edm=AOgd6ZUEAAAA&_nc_gid=EHtcjvRKjew78KK8RO285w&_nc_oc=AdqS8HCDSF4iWjR8zFjVcn3vrhEVfmL-88ZeftLvoVWRA7qd5KkAk2wmU0kvZmMyMuI&ccb=13-1&oh=06_Q3-9Adx6wJ5uCKOQ160dAB83zlYspuHs_0YxD3BUZRstQlPx&oe=69CF201E&_nc_sid=58080a,PAUSED,150,,,,,,,
18/03/2026,Suplementação na Prática,[RA][Leads][Captação] Lançamento MGP,[ADV] Aberto,AD003 - Gestão do pasto,120241822139310429,"25,56",0,0,0,13,20,2159,"1,56","11,84",0,0,https://www.instagram.com/p/DV_JT0HAH3v/,https://external.xx.fbcdn.net/emg1/v/t13/13065861944801083276?url=https%3A%2F%2Fwww.facebook.com%2Fads%2Fimage%2F%3Fd%3DAQLh66VnSc8ueAngUAt9v4G2PSmdI7vR6mTn84pf9pcI0zh2fkD1y_1OEcWygQxzlgsPwj8tX30dTnuI7v3J8c09jeid4W57h0wWI5E_3S8JHl03HtYPIwRHnEaeN6xllT9kheCHKM-RG0nzyXA3A1fo&fb_obo=1&utld=facebook.com&stp=c0.5000x0.5000f_dst-emg0_q75_tt6&edm=AOgd6ZUEAAAA&_nc_gid=EHtcjvRKjew78KK8RO285w&_nc_oc=AdqcCqbGnsxXewkdruGrKrsXkhHyQ6aO1wRwycX3BJMec925ClcwujLGI8p8WXLhghg&ccb=13-1&oh=06_Q3-9AdHIlmKLo0ODKNSuHOHnrniau0mZmhbUgW8u-cZ3hOmQ&oe=69CF02F8&_nc_sid=58080a,ACTIVE,150,,,,,,,
18/03/2026,Suplementação na Prática,[RA][Leads][Captação] Lançamento MGP,[ADV] Aberto,AD004 - Coloque até 2x mais,120241822139260429,"5,49",0,0,0,4,5,318,"1,29","17,26",0,0,https://www.instagram.com/p/DV_JTvIgFHD/,https://external.xx.fbcdn.net/emg1/v/t13/7038129135912776021?url=https%3A%2F%2Fwww.facebook.com%2Fads%2Fimage%2F%3Fd%3DAQJ-8BRXxwlqtfefMCKsuGmuUeUPORDTfVseKcXsjnUr2Q4ati1s5WVHQeJGXiDYkSnFOQJSjynbgnT1x3uo2OBspkbJBXj-v64XSnuZNQhyANVRBWuFZxR0LoyfeBzhzgi4uLg0pliWq7qxgJNzATr1&fb_obo=1&utld=facebook.com&stp=c0.5000x0.5000f_dst-emg0_q75_tt6&edm=AOgd6ZUEAAAA&_nc_gid=EHtcjvRKjew78KK8RO285w&_nc_oc=Adr0sULdJIZy365jVLzsfhRgY1Kei_TDzuziJJUkVhlPcU7a6Aab4JdJmT7nZP0Axgc&ccb=13-1&oh=06_Q3-9AR0wTrPnb7BWmP_2N4lGuHBeFSnbYxD5zQz2ErG6lZQN&oe=69CEFDF0&_nc_sid=58080a,PAUSED,150,,,,,,,
18/03/2026,Suplementação na Prática,[RA][Leads][Captação] Lançamento MGP,[ADV] Aberto,AD005 - O erro típico,120241822139270429,"1,01",0,0,0,0,0,48,"1,09","21,04",0,0,https://www.instagram.com/p/DV_JT1ZACeP/,https://external.xx.fbcdn.net/emg1/v/t13/12579726523685991450?url=https%3A%2F%2Fwww.facebook.com%2Fads%2Fimage%2F%3Fd%3DAQKsonrFFmmgjsbySMZykMGbecKmUjdQgE3UDN7hDNdBAdFU_KD3QdAVDnv0-uLICKUIcrSBkC7wXNbLPM2paHK0IYcXee4UwA7G-jCpGYObcB1DKWfDNEw4XN80Of0QWbpo7a4XSiGBbFFW6XyfOGTl&fb_obo=1&utld=facebook.com&stp=c0.5000x0.5000f_dst-emg0_q75_tt6&edm=AOgd6ZUEAAAA&_nc_gid=EHtcjvRKjew78KK8RO285w&_nc_oc=Adp4G8O2xtLsypDoI6OStLVcNP0WI-xmbZdxPlEUiRZDQUHaQEWaWUNJlbgDs-AwCUY&ccb=13-1&oh=06_Q3-9AT0XWHjhn-e-11CpoNMvbK9JafPrsEtzvgoerWOPtt3r&oe=69CEFE25&_nc_sid=58080a,PAUSED,150,,,,,,,
18/03/2026,Suplementação na Prática,[RA][Leads][Captação] Lançamento MGP,[ADV] Aberto,AD006 - Saia do achismo,120241822139290429,"0,46",0,0,0,0,1,35,"1,3","13,14",0,0,https://www.instagram.com/p/DV_JTtrADSU/,https://external.xx.fbcdn.net/emg1/v/t13/239684281149676357?url=https%3A%2F%2Fwww.facebook.com%2Fads%2Fimage%2F%3Fd%3DAQLdPCGfmZMwaaEhO-vBI1NTcZsPc0PeGr9YHOkz_WJVis44vjGPWmOFi34KJRorz1ivJbXU8_VnOoakHMPbzj3-ucopGBduvehKz9u1Ai-wnjYCm4NdxRKYkkUgFYL2_D3_MkF2qGmBdlkJ1hGk8QFT&fb_obo=1&utld=facebook.com&stp=c0.5000x0.5000f_dst-emg0_q75_tt6&edm=AOgd6ZUEAAAA&_nc_gid=EHtcjvRKjew78KK8RO285w&_nc_oc=Adrp5PhsrxjzBYpv3BKXZ6Nmxf7k-UH4gM5E8vt-CMIC31UnEaW0VE_sqN5nlHs2pxw&ccb=13-1&oh=06_Q3-9AaNo0XsH09Hu_bJxHtM0sh37XXlzkWsCiPy4VTXL3gwx&oe=69CF0F10&_nc_sid=58080a,PAUSED,150,,,,,,,
18/03/2026,Suplementação na Prática,[RA][Leads][Captação] Lançamento MGP,[ADV] Aberto,AD007 - Enquete do manejo,120241822139280429,"0,28",0,0,0,0,1,10,1,28,0,0,https://www.instagram.com/p/DV_JTyNAJj7/,https://external.xx.fbcdn.net/emg1/v/t13/8839943925757702190?url=https%3A%2F%2Fwww.facebook.com%2Fads%2Fimage%2F%3Fd%3DAQK9aLL_ddq8TpT-yP3MwHE-7mLlFB6cU5NoYSyaPLqPUtybt0XG4CiNHdJCdAJoNMFJg6vdHi2TOpmDykFckVdSR83eTvruAqqj3HqZftCWibcdE6k9yDQwzB0LwBc_wEsmfT4wNlZcwhRU2ZOAi5Kw&fb_obo=1&utld=facebook.com&stp=c0.5000x0.5000f_dst-emg0_q75_tt6&edm=AOgd6ZUEAAAA&_nc_gid=EHtcjvRKjew78KK8RO285w&_nc_oc=Adp0cZS_M8nhbdFCwx0EiiSlL-eHKE9jWHO6cnGnKe7PJnjqWpLNPSyT6L7STYW0j-Y&ccb=13-1&oh=06_Q3-9ARobn325CrrKDblkQ7-Y9KhceB6Lx9UUHDpe2kjLJnRA&oe=69CF0178&_nc_sid=58080a,PAUSED,150,,,,,,,
19/03/2026,Suplementação na Prática,[RA][Leads][Captação] Lançamento MGP,[ADV] Aberto,AD001 - O pecuarista que não,120241819703850429,"1,61",0,0,0,1,1,73,"1,14","22,05",0,0,https://www.instagram.com/p/DV_JT40AISh/,https://external.xx.fbcdn.net/emg1/v/t13/2603904423672303347?url=https%3A%2F%2Fwww.facebook.com%2Fads%2Fimage%2F%3Fd%3DAQJCO3V3p0ygbzdxZ9enaPDW5hkq1_CznJ84_1xNiC4IY4A4Jb_E3bN86dKDO7UctFD-E9qmyMKiwnBq8ScheQOH02Z_j02Pd9vEDseS53oS6qXUHBFwCZO51SL5kq6AFoCLyTCzheJKqFcYWpa5CDze&fb_obo=1&utld=facebook.com&stp=c0.5000x0.5000f_dst-emg0_q75_tt6&edm=AOgd6ZUEAAAA&_nc_gid=EHtcjvRKjew78KK8RO285w&_nc_oc=AdouOKt8oYHwumvL5CZcFIsfCHpH5yRwnETKvzUTPV1eKrP-P5hzkGG_9MwlAdwtIew&ccb=13-1&oh=06_Q3-9Aa_YncmIUnwViqnZ-F2yzpCDnr4ow66VST1H4iaaM1kF&oe=69CEF963&_nc_sid=58080a,PAUSED,150,,,,,,,
19/03/2026,Suplementação na Prática,[RA][Leads][Captação] Lançamento MGP,[ADV] Aberto,AD002 - Manejar no olhometro,120241822139300429,"0,03",0,0,0,0,0,4,1,"7,5",0,0,https://www.instagram.com/p/DV_JT0nAFEW/,https://external.xx.fbcdn.net/emg1/v/t13/9242794386734658836?url=https%3A%2F%2Fwww.facebook.com%2Fads%2Fimage%2F%3Fd%3DAQIUa8CAJ4ckc5mE-zf2KoggmWkUReZ4krL5PGbUE3lAOdC2dSrYIJu2KX8rbmUca-mmByoVeBQrJIKxpeD90WjbM-u-4P4WeWlSAKekt-siCS-8jGYIYiNbZcIlkU0-JkQ6kf9L1LG73Kl6PssufDJ3&fb_obo=1&utld=facebook.com&stp=c0.5000x0.5000f_dst-emg0_q75_tt6&edm=AOgd6ZUEAAAA&_nc_gid=EHtcjvRKjew78KK8RO285w&_nc_oc=AdqS8HCDSF4iWjR8zFjVcn3vrhEVfmL-88ZeftLvoVWRA7qd5KkAk2wmU0kvZmMyMuI&ccb=13-1&oh=06_Q3-9Adx6wJ5uCKOQ160dAB83zlYspuHs_0YxD3BUZRstQlPx&oe=69CF201E&_nc_sid=58080a,PAUSED,150,,,,,,,
19/03/2026,Suplementação na Prática,[RA][Leads][Captação] Lançamento MGP,[ADV] Aberto,AD003 - Gestão do pasto,120241822139310429,"39,49",0,0,1,16,32,2488,"1,4","15,87",0,0,https://www.instagram.com/p/DV_JT0HAH3v/,https://external.xx.fbcdn.net/emg1/v/t13/13065861944801083276?url=https%3A%2F%2Fwww.facebook.com%2Fads%2Fimage%2F%3Fd%3DAQLh66VnSc8ueAngUAt9v4G2PSmdI7vR6mTn84pf9pcI0zh2fkD1y_1OEcWygQxzlgsPwj8tX30dTnuI7v3J8c09jeid4W57h0wWI5E_3S8JHl03HtYPIwRHnEaeN6xllT9kheCHKM-RG0nzyXA3A1fo&fb_obo=1&utld=facebook.com&stp=c0.5000x0.5000f_dst-emg0_q75_tt6&edm=AOgd6ZUEAAAA&_nc_gid=EHtcjvRKjew78KK8RO285w&_nc_oc=AdqcCqbGnsxXewkdruGrKrsXkhHyQ6aO1wRwycX3BJMec925ClcwujLGI8p8WXLhghg&ccb=13-1&oh=06_Q3-9AdHIlmKLo0ODKNSuHOHnrniau0mZmhbUgW8u-cZ3hOmQ&oe=69CF02F8&_nc_sid=58080a,ACTIVE,150,,,,,,,
19/03/2026,Suplementação na Prática,[RA][Leads][Captação] Lançamento MGP,[ADV] Aberto,AD004 - Coloque até 2x mais,120241822139260429,"1,48",0,0,0,0,0,109,"1,12","13,58",0,0,https://www.instagram.com/p/DV_JTvIgFHD/,https://external.xx.fbcdn.net/emg1/v/t13/7038129135912776021?url=https%3A%2F%2Fwww.facebook.com%2Fads%2Fimage%2F%3Fd%3DAQJ-8BRXxwlqtfefMCKsuGmuUeUPORDTfVseKcXsjnUr2Q4ati1s5WVHQeJGXiDYkSnFOQJSjynbgnT1x3uo2OBspkbJBXj-v64XSnuZNQhyANVRBWuFZxR0LoyfeBzhzgi4uLg0pliWq7qxgJNzATr1&fb_obo=1&utld=facebook.com&stp=c0.5000x0.5000f_dst-emg0_q75_tt6&edm=AOgd6ZUEAAAA&_nc_gid=EHtcjvRKjew78KK8RO285w&_nc_oc=Adr0sULdJIZy365jVLzsfhRgY1Kei_TDzuziJJUkVhlPcU7a6Aab4JdJmT7nZP0Axgc&ccb=13-1&oh=06_Q3-9AR0wTrPnb7BWmP_2N4lGuHBeFSnbYxD5zQz2ErG6lZQN&oe=69CEFDF0&_nc_sid=58080a,PAUSED,150,,,,,,,
19/03/2026,Suplementação na Prática,[RA][Leads][Captação] Lançamento MGP,[ADV] Aberto,AD006 - Saia do achismo,120241822139290429,"0,07",0,0,0,0,0,6,1,"11,67",0,0,https://www.instagram.com/p/DV_JTtrADSU/,https://external.xx.fbcdn.net/emg1/v/t13/239684281149676357?url=https%3A%2F%2Fwww.facebook.com%2Fads%2Fimage%2F%3Fd%3DAQLdPCGfmZMwaaEhO-vBI1NTcZsPc0PeGr9YHOkz_WJVis44vjGPWmOFi34KJRorz1ivJbXU8_VnOoakHMPbzj3-ucopGBduvehKz9u1Ai-wnjYCm4NdxRKYkkUgFYL2_D3_MkF2qGmBdlkJ1hGk8QFT&fb_obo=1&utld=facebook.com&stp=c0.5000x0.5000f_dst-emg0_q75_tt6&edm=AOgd6ZUEAAAA&_nc_gid=EHtcjvRKjew78KK8RO285w&_nc_oc=Adrp5PhsrxjzBYpv3BKXZ6Nmxf7k-UH4gM5E8vt-CMIC31UnEaW0VE_sqN5nlHs2pxw&ccb=13-1&oh=06_Q3-9AaNo0XsH09Hu_bJxHtM0sh37XXlzkWsCiPy4VTXL3gwx&oe=69CF0F10&_nc_sid=58080a,PAUSED,150,,,,,,,
19/03/2026,Suplementação na Prática,[RA][Leads][Captação] Lançamento MGP,[ADV] Aberto,AD007 - Enquete do manejo,120241822139280429,"0,17",0,0,0,0,0,14,"1,08","12,14",0,0,https://www.instagram.com/p/DV_JTyNAJj7/,https://external.xx.fbcdn.net/emg1/v/t13/8839943925757702190?url=https%3A%2F%2Fwww.facebook.com%2Fads%2Fimage%2F%3Fd%3DAQK9aLL_ddq8TpT-yP3MwHE-7mLlFB6cU5NoYSyaPLqPUtybt0XG4CiNHdJCdAJoNMFJg6vdHi2TOpmDykFckVdSR83eTvruAqqj3HqZftCWibcdE6k9yDQwzB0LwBc_wEsmfT4wNlZcwhRU2ZOAi5Kw&fb_obo=1&utld=facebook.com&stp=c0.5000x0.5000f_dst-emg0_q75_tt6&edm=AOgd6ZUEAAAA&_nc_gid=EHtcjvRKjew78KK8RO285w&_nc_oc=Adp0cZS_M8nhbdFCwx0EiiSlL-eHKE9jWHO6cnGnKe7PJnjqWpLNPSyT6L7STYW0j-Y&ccb=13-1&oh=06_Q3-9ARobn325CrrKDblkQ7-Y9KhceB6Lx9UUHDpe2kjLJnRA&oe=69CF0178&_nc_sid=58080a,PAUSED,150,,,,,,,
19/03/2026,Suplementação na Prática,[RA][Leads][Captação] Lançamento MGP,[ADV] Aberto,VD001 - Quer dobrar a lotação,120242146281870429,"0,29",0,0,0,0,1,3,1,"96,67",2,0,https://www.instagram.com/p/DWFNvsGgEc3/,https://scontent.xx.fbcdn.net/v/t15.5256-10/654557477_1339602417915461_7843226619543645275_n.jpg?_nc_cat=105&ccb=1-7&_nc_ohc=CVN2NreRNIgQ7kNvwEBrchX&_nc_oc=AdrZgs7gvgd3QHrfTnHzDE-Uopqm6IPp2OkNl4w6YgpP8R_dPFjCBP07UbjcPup6Gpw&_nc_zt=23&_nc_ht=scontent.xx&edm=AOgd6ZUEAAAA&_nc_gid=EHtcjvRKjew78KK8RO285w&_nc_tpa=Q5bMBQHLpeDDtvvZZWqusq8MGPDsnyAzCajRj2eAY_tJ3O2td1HdHbw3pVur7_98bHYVkIMcA212irHc&stp=c0.5000x0.5000f_dst-emg0_q75_tt6&ur=a86139&_nc_sid=58080a&oh=00_Af3qwGatP8g9AFBDTp7u1P3bKQYjesqRggXsfp6za_LI1Q&oe=69D2EDDF,PAUSED,150,,,,,,,
19/03/2026,Suplementação na Prática,[RA][Leads][Captação] Lançamento MGP,[ADV] Aberto,VD002 - Imagina você gerenciar,120242147053410429,"5,39",0,0,0,7,14,47,"1,02","114,68",18,12,https://www.instagram.com/p/DWFNvlygC-i/,https://scontent.xx.fbcdn.net/v/t15.5256-10/653634770_1492693735906037_6767426430020073276_n.jpg?_nc_cat=102&ccb=1-7&_nc_ohc=YtrYd_dWM2MQ7kNvwGdD-DY&_nc_oc=AdqrSkbtJWj5_1NZ5g6jujZbs7TM3Tc115mpLtkK5JZX4CLMzc_QDo4IBdXVEAvsKEY&_nc_zt=23&_nc_ht=scontent.xx&edm=AOgd6ZUEAAAA&_nc_gid=EHtcjvRKjew78KK8RO285w&_nc_tpa=Q5bMBQF17T5P6Fq8bmUAeN4tPEc6qPW2_3OWsPk_IC-7kW7aqRkkW2-duOGkhzJhPb99N_p7u-BveUG4&stp=c0.5000x0.5000f_dst-emg0_q75_tt6&ur=a86139&_nc_sid=58080a&oh=00_Af1CsbrAfJNn1RCzs5N32fC5-PUYmsNBx7MylCQp5iVYFw&oe=69D2FB8D,PAUSED,150,,,,,,,
19/03/2026,Suplementação na Prática,[RA][Leads][Captação] Lançamento MGP,[ADV] Aberto,VD003 - Cansado de roçar,120242147053420429,"15,43",0,0,0,13,44,246,"1,09","62,72",91,39,https://www.instagram.com/p/DWFNvzmgHv1/,https://scontent.xx.fbcdn.net/v/t15.5256-10/652785543_1825205544811751_9130336935094913656_n.jpg?_nc_cat=109&ccb=1-7&_nc_ohc=h1hfmToNfn0Q7kNvwHF2dTn&_nc_oc=AdoLdj_YfCkKkY7LkWnviZA8Til2viw6pjJPnZ6wu-QqxvF23021yQYOoYu5T04TugE&_nc_zt=23&_nc_ht=scontent.xx&edm=AOgd6ZUEAAAA&_nc_gid=EHtcjvRKjew78KK8RO285w&_nc_tpa=Q5bMBQHwXlnH7_MCiDWYYnNxFvl4ckcEsTHVVjQmr1JiF6GjncyUdEfqPCdkrbWkTSHNp8C5oWVOKUgM&stp=c0.5000x0.5000f_dst-emg0_q75_tt6&ur=a86139&_nc_sid=58080a&oh=00_Af1Fc6teK4dQVqp02-r-HZWtZewTCk2EAoa3HiSPO1ao4Q&oe=69D2F54B,PAUSED,150,,,,,,,
19/03/2026,Suplementação na Prática,[RA][Leads][Captação] Lançamento MGP,[ADV] Aberto,VD004 - Deixa eu te fazer,120242147044350429,"1,1",0,0,0,1,4,10,1,110,7,1,https://www.instagram.com/p/DWFNxMTAGvM/,https://scontent.xx.fbcdn.net/v/t15.5256-10/629839477_2322858814791813_7854841327346575003_n.jpg?_nc_cat=104&ccb=1-7&_nc_ohc=G5XRTSyFR0EQ7kNvwHt1tT_&_nc_oc=AdrosaSC2krFVbJ_pI_wNONZjB8lh_7ZYC9jHMd8cpx273AQ_HY7m7jvNH7Fo6Mp7vM&_nc_zt=23&_nc_ht=scontent.xx&edm=AOgd6ZUEAAAA&_nc_gid=EHtcjvRKjew78KK8RO285w&_nc_tpa=Q5bMBQFjIg05W2MgEUyqbmmhCVQtEKUe5qKd5ZOiJyB688VJfcIQCmx97ihU3xLL53DRHIiexAsIB10y&stp=c0.5000x0.5000f_dst-emg0_q75_tt6&ur=a86139&_nc_sid=58080a&oh=00_Af2BdUqK63-S8MprjHNbLSXghekj_GM4Qnpe3HjaF9u0HA&oe=69D2EFF6,PAUSED,150,,,,,,,
20/03/2026,Suplementação na Prática,[RA][Leads][Captação] Lançamento MGP,[ADV] Aberto,AD003 - Gestão do pasto,120241822139310429,"23,37",0,0,0,9,13,1720,"1,26","13,59",0,0,https://www.instagram.com/p/DV_JT0HAH3v/,https://external.xx.fbcdn.net/emg1/v/t13/13065861944801083276?url=https%3A%2F%2Fwww.facebook.com%2Fads%2Fimage%2F%3Fd%3DAQLh66VnSc8ueAngUAt9v4G2PSmdI7vR6mTn84pf9pcI0zh2fkD1y_1OEcWygQxzlgsPwj8tX30dTnuI7v3J8c09jeid4W57h0wWI5E_3S8JHl03HtYPIwRHnEaeN6xllT9kheCHKM-RG0nzyXA3A1fo&fb_obo=1&utld=facebook.com&stp=c0.5000x0.5000f_dst-emg0_q75_tt6&edm=AOgd6ZUEAAAA&_nc_gid=EHtcjvRKjew78KK8RO285w&_nc_oc=AdqcCqbGnsxXewkdruGrKrsXkhHyQ6aO1wRwycX3BJMec925ClcwujLGI8p8WXLhghg&ccb=13-1&oh=06_Q3-9AdHIlmKLo0ODKNSuHOHnrniau0mZmhbUgW8u-cZ3hOmQ&oe=69CF02F8&_nc_sid=58080a,ACTIVE,150,,,,,,,
20/03/2026,Suplementação na Prática,[RA][Leads][Captação] Lançamento MGP,[ADV] Aberto,VD001 - Quer dobrar a lotação,120242146281870429,"16,81",0,0,0,21,44,184,"1,16","91,36",90,40,https://www.instagram.com/p/DWFNvsGgEc3/,https://scontent.xx.fbcdn.net/v/t15.5256-10/654557477_1339602417915461_7843226619543645275_n.jpg?_nc_cat=105&ccb=1-7&_nc_ohc=CVN2NreRNIgQ7kNvwEBrchX&_nc_oc=AdrZgs7gvgd3QHrfTnHzDE-Uopqm6IPp2OkNl4w6YgpP8R_dPFjCBP07UbjcPup6Gpw&_nc_zt=23&_nc_ht=scontent.xx&edm=AOgd6ZUEAAAA&_nc_gid=EHtcjvRKjew78KK8RO285w&_nc_tpa=Q5bMBQHLpeDDtvvZZWqusq8MGPDsnyAzCajRj2eAY_tJ3O2td1HdHbw3pVur7_98bHYVkIMcA212irHc&stp=c0.5000x0.5000f_dst-emg0_q75_tt6&ur=a86139&_nc_sid=58080a&oh=00_Af3qwGatP8g9AFBDTp7u1P3bKQYjesqRggXsfp6za_LI1Q&oe=69D2EDDF,PAUSED,150,,,,,,,
20/03/2026,Suplementação na Prática,[RA][Leads][Captação] Lançamento MGP,[ADV] Aberto,VD002 - Imagina você gerenciar,120242147053410429,"11,3",0,0,0,11,20,169,"1,12","66,86",60,20,https://www.instagram.com/p/DWFNvlygC-i/,https://scontent.xx.fbcdn.net/v/t15.5256-10/653634770_1492693735906037_6767426430020073276_n.jpg?_nc_cat=102&ccb=1-7&_nc_ohc=YtrYd_dWM2MQ7kNvwGdD-DY&_nc_oc=AdqrSkbtJWj5_1NZ5g6jujZbs7TM3Tc115mpLtkK5JZX4CLMzc_QDo4IBdXVEAvsKEY&_nc_zt=23&_nc_ht=scontent.xx&edm=AOgd6ZUEAAAA&_nc_gid=EHtcjvRKjew78KK8RO285w&_nc_tpa=Q5bMBQF17T5P6Fq8bmUAeN4tPEc6qPW2_3OWsPk_IC-7kW7aqRkkW2-duOGkhzJhPb99N_p7u-BveUG4&stp=c0.5000x0.5000f_dst-emg0_q75_tt6&ur=a86139&_nc_sid=58080a&oh=00_Af1CsbrAfJNn1RCzs5N32fC5-PUYmsNBx7MylCQp5iVYFw&oe=69D2FB8D,PAUSED,150,,,,,,,
20/03/2026,Suplementação na Prática,[RA][Leads][Captação] Lançamento MGP,[ADV] Aberto,VD003 - Cansado de roçar,120242147053420429,"4,71",0,0,0,5,9,182,"1,17","25,88",50,9,https://www.instagram.com/p/DWFNvzmgHv1/,https://scontent.xx.fbcdn.net/v/t15.5256-10/652785543_1825205544811751_9130336935094913656_n.jpg?_nc_cat=109&ccb=1-7&_nc_ohc=h1hfmToNfn0Q7kNvwHF2dTn&_nc_oc=AdoLdj_YfCkKkY7LkWnviZA8Til2viw6pjJPnZ6wu-QqxvF23021yQYOoYu5T04TugE&_nc_zt=23&_nc_ht=scontent.xx&edm=AOgd6ZUEAAAA&_nc_gid=EHtcjvRKjew78KK8RO285w&_nc_tpa=Q5bMBQHwXlnH7_MCiDWYYnNxFvl4ckcEsTHVVjQmr1JiF6GjncyUdEfqPCdkrbWkTSHNp8C5oWVOKUgM&stp=c0.5000x0.5000f_dst-emg0_q75_tt6&ur=a86139&_nc_sid=58080a&oh=00_Af1Fc6teK4dQVqp02-r-HZWtZewTCk2EAoa3HiSPO1ao4Q&oe=69D2F54B,PAUSED,150,,,,,,,
20/03/2026,Suplementação na Prática,[RA][Leads][Captação] Lançamento MGP,[ADV] Aberto,VD004 - Deixa eu te fazer,120242147044350429,"7,22",0,0,0,12,35,76,"1,06",95,47,13,https://www.instagram.com/p/DWFNxMTAGvM/,https://scontent.xx.fbcdn.net/v/t15.5256-10/629839477_2322858814791813_7854841327346575003_n.jpg?_nc_cat=104&ccb=1-7&_nc_ohc=G5XRTSyFR0EQ7kNvwHt1tT_&_nc_oc=AdrosaSC2krFVbJ_pI_wNONZjB8lh_7ZYC9jHMd8cpx273AQ_HY7m7jvNH7Fo6Mp7vM&_nc_zt=23&_nc_ht=scontent.xx&edm=AOgd6ZUEAAAA&_nc_gid=EHtcjvRKjew78KK8RO285w&_nc_tpa=Q5bMBQFjIg05W2MgEUyqbmmhCVQtEKUe5qKd5ZOiJyB688VJfcIQCmx97ihU3xLL53DRHIiexAsIB10y&stp=c0.5000x0.5000f_dst-emg0_q75_tt6&ur=a86139&_nc_sid=58080a&oh=00_Af2BdUqK63-S8MprjHNbLSXghekj_GM4Qnpe3HjaF9u0HA&oe=69D2EFF6,PAUSED,150,,,,,,,
21/03/2026,Suplementação na Prática,[RA][Leads][Captação] Lançamento MGP,[ADV] Aberto,AD003 - Gestão do pasto,120241822139310429,"4,06",0,0,4,3,3,270,"1,09","15,04",0,0,https://www.instagram.com/p/DV_JT0HAH3v/,https://external.xx.fbcdn.net/emg1/v/t13/13065861944801083276?url=https%3A%2F%2Fwww.facebook.com%2Fads%2Fimage%2F%3Fd%3DAQLh66VnSc8ueAngUAt9v4G2PSmdI7vR6mTn84pf9pcI0zh2fkD1y_1OEcWygQxzlgsPwj8tX30dTnuI7v3J8c09jeid4W57h0wWI5E_3S8JHl03HtYPIwRHnEaeN6xllT9kheCHKM-RG0nzyXA3A1fo&fb_obo=1&utld=facebook.com&stp=c0.5000x0.5000f_dst-emg0_q75_tt6&edm=AOgd6ZUEAAAA&_nc_gid=EHtcjvRKjew78KK8RO285w&_nc_oc=AdqcCqbGnsxXewkdruGrKrsXkhHyQ6aO1wRwycX3BJMec925ClcwujLGI8p8WXLhghg&ccb=13-1&oh=06_Q3-9AdHIlmKLo0ODKNSuHOHnrniau0mZmhbUgW8u-cZ3hOmQ&oe=69CF02F8&_nc_sid=58080a,ACTIVE,150,,,,,,,
21/03/2026,Suplementação na Prática,[RA][Leads][Captação] Lançamento MGP,[ADV] Aberto,AD005 - O erro típico,120241822139270429,"0,42",0,0,0,0,0,27,"1,17","15,56",0,0,https://www.instagram.com/p/DV_JT1ZACeP/,https://external.xx.fbcdn.net/emg1/v/t13/12579726523685991450?url=https%3A%2F%2Fwww.facebook.com%2Fads%2Fimage%2F%3Fd%3DAQKsonrFFmmgjsbySMZykMGbecKmUjdQgE3UDN7hDNdBAdFU_KD3QdAVDnv0-uLICKUIcrSBkC7wXNbLPM2paHK0IYcXee4UwA7G-jCpGYObcB1DKWfDNEw4XN80Of0QWbpo7a4XSiGBbFFW6XyfOGTl&fb_obo=1&utld=facebook.com&stp=c0.5000x0.5000f_dst-emg0_q75_tt6&edm=AOgd6ZUEAAAA&_nc_gid=EHtcjvRKjew78KK8RO285w&_nc_oc=Adp4G8O2xtLsypDoI6OStLVcNP0WI-xmbZdxPlEUiRZDQUHaQEWaWUNJlbgDs-AwCUY&ccb=13-1&oh=06_Q3-9AT0XWHjhn-e-11CpoNMvbK9JafPrsEtzvgoerWOPtt3r&oe=69CEFE25&_nc_sid=58080a,PAUSED,150,,,,,,,
21/03/2026,Suplementação na Prática,[RA][Leads][Captação] Lançamento MGP,[ADV] Aberto,AD006 - Saia do achismo,120241822139290429,"0,11",0,0,0,0,0,16,1,"6,88",0,0,https://www.instagram.com/p/DV_JTtrADSU/,https://external.xx.fbcdn.net/emg1/v/t13/239684281149676357?url=https%3A%2F%2Fwww.facebook.com%2Fads%2Fimage%2F%3Fd%3DAQLdPCGfmZMwaaEhO-vBI1NTcZsPc0PeGr9YHOkz_WJVis44vjGPWmOFi34KJRorz1ivJbXU8_VnOoakHMPbzj3-ucopGBduvehKz9u1Ai-wnjYCm4NdxRKYkkUgFYL2_D3_MkF2qGmBdlkJ1hGk8QFT&fb_obo=1&utld=facebook.com&stp=c0.5000x0.5000f_dst-emg0_q75_tt6&edm=AOgd6ZUEAAAA&_nc_gid=EHtcjvRKjew78KK8RO285w&_nc_oc=Adrp5PhsrxjzBYpv3BKXZ6Nmxf7k-UH4gM5E8vt-CMIC31UnEaW0VE_sqN5nlHs2pxw&ccb=13-1&oh=06_Q3-9AaNo0XsH09Hu_bJxHtM0sh37XXlzkWsCiPy4VTXL3gwx&oe=69CF0F10&_nc_sid=58080a,PAUSED,150,,,,,,,
21/03/2026,Suplementação na Prática,[RA][Leads][Captação] Lançamento MGP,[ADV] Aberto,VD001 - Quer dobrar a lotação,120242146281870429,"37,31",0,0,0,73,169,412,"1,19","90,56",286,116,https://www.instagram.com/p/DWFNvsGgEc3/,https://scontent.xx.fbcdn.net/v/t15.5256-10/654557477_1339602417915461_7843226619543645275_n.jpg?_nc_cat=105&ccb=1-7&_nc_ohc=CVN2NreRNIgQ7kNvwEBrchX&_nc_oc=AdrZgs7gvgd3QHrfTnHzDE-Uopqm6IPp2OkNl4w6YgpP8R_dPFjCBP07UbjcPup6Gpw&_nc_zt=23&_nc_ht=scontent.xx&edm=AOgd6ZUEAAAA&_nc_gid=EHtcjvRKjew78KK8RO285w&_nc_tpa=Q5bMBQHLpeDDtvvZZWqusq8MGPDsnyAzCajRj2eAY_tJ3O2td1HdHbw3pVur7_98bHYVkIMcA212irHc&stp=c0.5000x0.5000f_dst-emg0_q75_tt6&ur=a86139&_nc_sid=58080a&oh=00_Af3qwGatP8g9AFBDTp7u1P3bKQYjesqRggXsfp6za_LI1Q&oe=69D2EDDF,PAUSED,150,,,,,,,
21/03/2026,Suplementação na Prática,[RA][Leads][Captação] Lançamento MGP,[ADV] Aberto,VD003 - Cansado de roçar,120242147053420429,"13,46",0,0,0,17,39,53,"1,08","253,96",43,29,https://www.instagram.com/p/DWFNvzmgHv1/,https://scontent.xx.fbcdn.net/v/t15.5256-10/652785543_1825205544811751_9130336935094913656_n.jpg?_nc_cat=109&ccb=1-7&_nc_ohc=h1hfmToNfn0Q7kNvwHF2dTn&_nc_oc=AdoLdj_YfCkKkY7LkWnviZA8Til2viw6pjJPnZ6wu-QqxvF23021yQYOoYu5T04TugE&_nc_zt=23&_nc_ht=scontent.xx&edm=AOgd6ZUEAAAA&_nc_gid=EHtcjvRKjew78KK8RO285w&_nc_tpa=Q5bMBQHwXlnH7_MCiDWYYnNxFvl4ckcEsTHVVjQmr1JiF6GjncyUdEfqPCdkrbWkTSHNp8C5oWVOKUgM&stp=c0.5000x0.5000f_dst-emg0_q75_tt6&ur=a86139&_nc_sid=58080a&oh=00_Af1Fc6teK4dQVqp02-r-HZWtZewTCk2EAoa3HiSPO1ao4Q&oe=69D2F54B,PAUSED,150,,,,,,,
21/03/2026,Suplementação na Prática,[RA][Leads][Captação] Lançamento MGP,[ADV] Aberto,VD004 - Deixa eu te fazer,120242147044350429,"5,96",0,0,0,12,36,83,"1,05","71,81",56,8,https://www.instagram.com/p/DWFNxMTAGvM/,https://scontent.xx.fbcdn.net/v/t15.5256-10/629839477_2322858814791813_7854841327346575003_n.jpg?_nc_cat=104&ccb=1-7&_nc_ohc=G5XRTSyFR0EQ7kNvwHt1tT_&_nc_oc=AdrosaSC2krFVbJ_pI_wNONZjB8lh_7ZYC9jHMd8cpx273AQ_HY7m7jvNH7Fo6Mp7vM&_nc_zt=23&_nc_ht=scontent.xx&edm=AOgd6ZUEAAAA&_nc_gid=EHtcjvRKjew78KK8RO285w&_nc_tpa=Q5bMBQFjIg05W2MgEUyqbmmhCVQtEKUe5qKd5ZOiJyB688VJfcIQCmx97ihU3xLL53DRHIiexAsIB10y&stp=c0.5000x0.5000f_dst-emg0_q75_tt6&ur=a86139&_nc_sid=58080a&oh=00_Af2BdUqK63-S8MprjHNbLSXghekj_GM4Qnpe3HjaF9u0HA&oe=69D2EFF6,PAUSED,150,,,,,,,
22/03/2026,Suplementação na Prática,[RA][Leads][Captação] Lançamento MGP,[ADV] Aberto,AD005 - O erro típico,120241822139270429,"0,1",0,0,0,0,0,3,1,"33,33",0,0,https://www.instagram.com/p/DV_JT1ZACeP/,https://external.xx.fbcdn.net/emg1/v/t13/12579726523685991450?url=https%3A%2F%2Fwww.facebook.com%2Fads%2Fimage%2F%3Fd%3DAQKsonrFFmmgjsbySMZykMGbecKmUjdQgE3UDN7hDNdBAdFU_KD3QdAVDnv0-uLICKUIcrSBkC7wXNbLPM2paHK0IYcXee4UwA7G-jCpGYObcB1DKWfDNEw4XN80Of0QWbpo7a4XSiGBbFFW6XyfOGTl&fb_obo=1&utld=facebook.com&stp=c0.5000x0.5000f_dst-emg0_q75_tt6&edm=AOgd6ZUEAAAA&_nc_gid=EHtcjvRKjew78KK8RO285w&_nc_oc=Adp4G8O2xtLsypDoI6OStLVcNP0WI-xmbZdxPlEUiRZDQUHaQEWaWUNJlbgDs-AwCUY&ccb=13-1&oh=06_Q3-9AT0XWHjhn-e-11CpoNMvbK9JafPrsEtzvgoerWOPtt3r&oe=69CEFE25&_nc_sid=58080a,PAUSED,150,,,,,,,
22/03/2026,Suplementação na Prática,[RA][Leads][Captação] Lançamento MGP,[ADV] Aberto,AD007 - Enquete do manejo,120241822139280429,"0,64",0,0,0,0,0,48,"1,07","13,33",0,0,https://www.instagram.com/p/DV_JTyNAJj7/,https://external.xx.fbcdn.net/emg1/v/t13/8839943925757702190?url=https%3A%2F%2Fwww.facebook.com%2Fads%2Fimage%2F%3Fd%3DAQK9aLL_ddq8TpT-yP3MwHE-7mLlFB6cU5NoYSyaPLqPUtybt0XG4CiNHdJCdAJoNMFJg6vdHi2TOpmDykFckVdSR83eTvruAqqj3HqZftCWibcdE6k9yDQwzB0LwBc_wEsmfT4wNlZcwhRU2ZOAi5Kw&fb_obo=1&utld=facebook.com&stp=c0.5000x0.5000f_dst-emg0_q75_tt6&edm=AOgd6ZUEAAAA&_nc_gid=EHtcjvRKjew78KK8RO285w&_nc_oc=Adp0cZS_M8nhbdFCwx0EiiSlL-eHKE9jWHO6cnGnKe7PJnjqWpLNPSyT6L7STYW0j-Y&ccb=13-1&oh=06_Q3-9ARobn325CrrKDblkQ7-Y9KhceB6Lx9UUHDpe2kjLJnRA&oe=69CF0178&_nc_sid=58080a,PAUSED,150,,,,,,,
22/03/2026,Suplementação na Prática,[RA][Leads][Captação] Lançamento MGP,[ADV] Aberto,VD001 - Quer dobrar a lotação,120242146281870429,"15,47",0,0,0,24,39,229,"1,11","67,55",97,39,https://www.instagram.com/p/DWFNvsGgEc3/,https://scontent.xx.fbcdn.net/v/t15.5256-10/654557477_1339602417915461_7843226619543645275_n.jpg?_nc_cat=105&ccb=1-7&_nc_ohc=CVN2NreRNIgQ7kNvwEBrchX&_nc_oc=AdrZgs7gvgd3QHrfTnHzDE-Uopqm6IPp2OkNl4w6YgpP8R_dPFjCBP07UbjcPup6Gpw&_nc_zt=23&_nc_ht=scontent.xx&edm=AOgd6ZUEAAAA&_nc_gid=EHtcjvRKjew78KK8RO285w&_nc_tpa=Q5bMBQHLpeDDtvvZZWqusq8MGPDsnyAzCajRj2eAY_tJ3O2td1HdHbw3pVur7_98bHYVkIMcA212irHc&stp=c0.5000x0.5000f_dst-emg0_q75_tt6&ur=a86139&_nc_sid=58080a&oh=00_Af3qwGatP8g9AFBDTp7u1P3bKQYjesqRggXsfp6za_LI1Q&oe=69D2EDDF,PAUSED,150,,,,,,,
22/03/2026,Suplementação na Prática,[RA][Leads][Captação] Lançamento MGP,[ADV] Aberto,VD003 - Cansado de roçar,120242147053420429,"19,44",0,0,0,26,50,142,"1,13","136,9",90,43,https://www.instagram.com/p/DWFNvzmgHv1/,https://scontent.xx.fbcdn.net/v/t15.5256-10/652785543_1825205544811751_9130336935094913656_n.jpg?_nc_cat=109&ccb=1-7&_nc_ohc=h1hfmToNfn0Q7kNvwHF2dTn&_nc_oc=AdoLdj_YfCkKkY7LkWnviZA8Til2viw6pjJPnZ6wu-QqxvF23021yQYOoYu5T04TugE&_nc_zt=23&_nc_ht=scontent.xx&edm=AOgd6ZUEAAAA&_nc_gid=EHtcjvRKjew78KK8RO285w&_nc_tpa=Q5bMBQHwXlnH7_MCiDWYYnNxFvl4ckcEsTHVVjQmr1JiF6GjncyUdEfqPCdkrbWkTSHNp8C5oWVOKUgM&stp=c0.5000x0.5000f_dst-emg0_q75_tt6&ur=a86139&_nc_sid=58080a&oh=00_Af1Fc6teK4dQVqp02-r-HZWtZewTCk2EAoa3HiSPO1ao4Q&oe=69D2F54B,PAUSED,150,,,,,,,
22/03/2026,Suplementação na Prática,[RA][Leads][Captação] Lançamento MGP,[ADV] Aberto,VD006 - O que é o método,120242241534000429,"46,81",0,0,0,33,67,1939,"1,19","24,14",544,111,https://www.instagram.com/p/DWL6WKzgGsK/,https://scontent.xx.fbcdn.net/v/t15.5256-10/656207019_1890315121847048_5837279791465239010_n.jpg?_nc_cat=110&ccb=1-7&_nc_ohc=isu0JFTqO1cQ7kNvwHAH0GR&_nc_oc=Adp3wqMzUXS28J9ZO1-QG4LN7snVi2JYPuPfXt3H5fBl4YCIzwtQRV6Qvxc5bPI8oNM&_nc_zt=23&_nc_ht=scontent.xx&edm=AOgd6ZUEAAAA&_nc_gid=EHtcjvRKjew78KK8RO285w&_nc_tpa=Q5bMBQGUIipMEcdneZ2mZr_UkukxKK8VRuhDKc5fbQ2j9izzc2zeRaVhBkGxQ4vhziUewt-8_vSFmmmK&stp=c0.5000x0.5000f_dst-emg0_q75_tt6&ur=a86139&_nc_sid=58080a&oh=00_Af3kW7CWtUkVUPSbcEjdUSq5nFjihoJOANHoYL8bf00LAA&oe=69D2E5B9,ACTIVE,150,,,,,,,
22/03/2026,Suplementação na Prática,[RA][Leads][Captação] Lançamento MGP,[ADV] Aberto,VD007 - Imagine você gerenciar,120242241530260429,"44,18",0,0,0,35,59,3134,"1,16","14,1",1004,255,https://www.instagram.com/p/DWL6VEvgEuq/,https://scontent.xx.fbcdn.net/v/t15.5256-10/653836975_1180705807312413_3350291296595275000_n.jpg?_nc_cat=102&ccb=1-7&_nc_ohc=4iLMxRq6hpYQ7kNvwHVInIX&_nc_oc=AdrTBKZ8Mu2h4YNJyqz6ew7JvkHKF5hQHGofUOmAAmvi6kQKZJgE_SVa_6RL9xKsRIU&_nc_zt=23&_nc_ht=scontent.xx&edm=AOgd6ZUEAAAA&_nc_gid=EHtcjvRKjew78KK8RO285w&_nc_tpa=Q5bMBQG54YACGes37ZCmBcOlRLcILm4eUbc9kTXkjfiqCsPPPywMUAZoc8iPjDzy3pacUe7c1V1d9LPV&stp=c0.5000x0.5000f_dst-emg0_q75_tt6&ur=a86139&_nc_sid=58080a&oh=00_Af3wxDljsCQJ_OfTayHRgqioh8BmojmB6LPpiINhaMzHmQ&oe=69D2E669,ACTIVE,150,,,,,,,
23/03/2026,Suplementação na Prática,[RA][Leads][Captação] Lançamento MGP,[ADV] Aberto,AD005 - O erro típico,120241822139270429,"0,32",0,0,0,0,0,4,1,80,0,0,https://www.instagram.com/p/DV_JT1ZACeP/,https://external.xx.fbcdn.net/emg1/v/t13/12579726523685991450?url=https%3A%2F%2Fwww.facebook.com%2Fads%2Fimage%2F%3Fd%3DAQKsonrFFmmgjsbySMZykMGbecKmUjdQgE3UDN7hDNdBAdFU_KD3QdAVDnv0-uLICKUIcrSBkC7wXNbLPM2paHK0IYcXee4UwA7G-jCpGYObcB1DKWfDNEw4XN80Of0QWbpo7a4XSiGBbFFW6XyfOGTl&fb_obo=1&utld=facebook.com&stp=c0.5000x0.5000f_dst-emg0_q75_tt6&edm=AOgd6ZUEAAAA&_nc_gid=EHtcjvRKjew78KK8RO285w&_nc_oc=Adp4G8O2xtLsypDoI6OStLVcNP0WI-xmbZdxPlEUiRZDQUHaQEWaWUNJlbgDs-AwCUY&ccb=13-1&oh=06_Q3-9AT0XWHjhn-e-11CpoNMvbK9JafPrsEtzvgoerWOPtt3r&oe=69CEFE25&_nc_sid=58080a,PAUSED,150,,,,,,,
23/03/2026,Suplementação na Prática,[RA][Leads][Captação] Lançamento MGP,[ADV] Aberto,AD006 - Saia do achismo,120241822139290429,"0,06",0,0,0,0,0,3,1,20,0,0,https://www.instagram.com/p/DV_JTtrADSU/,https://external.xx.fbcdn.net/emg1/v/t13/239684281149676357?url=https%3A%2F%2Fwww.facebook.com%2Fads%2Fimage%2F%3Fd%3DAQLdPCGfmZMwaaEhO-vBI1NTcZsPc0PeGr9YHOkz_WJVis44vjGPWmOFi34KJRorz1ivJbXU8_VnOoakHMPbzj3-ucopGBduvehKz9u1Ai-wnjYCm4NdxRKYkkUgFYL2_D3_MkF2qGmBdlkJ1hGk8QFT&fb_obo=1&utld=facebook.com&stp=c0.5000x0.5000f_dst-emg0_q75_tt6&edm=AOgd6ZUEAAAA&_nc_gid=EHtcjvRKjew78KK8RO285w&_nc_oc=Adrp5PhsrxjzBYpv3BKXZ6Nmxf7k-UH4gM5E8vt-CMIC31UnEaW0VE_sqN5nlHs2pxw&ccb=13-1&oh=06_Q3-9AaNo0XsH09Hu_bJxHtM0sh37XXlzkWsCiPy4VTXL3gwx&oe=69CF0F10&_nc_sid=58080a,PAUSED,150,,,,,,,
23/03/2026,Suplementação na Prática,[RA][Leads][Captação] Lançamento MGP,[ADV] Aberto,AD007 - Enquete do manejo,120241822139280429,"0,02",0,0,0,0,0,2,1,10,0,0,https://www.instagram.com/p/DV_JTyNAJj7/,https://external.xx.fbcdn.net/emg1/v/t13/8839943925757702190?url=https%3A%2F%2Fwww.facebook.com%2Fads%2Fimage%2F%3Fd%3DAQK9aLL_ddq8TpT-yP3MwHE-7mLlFB6cU5NoYSyaPLqPUtybt0XG4CiNHdJCdAJoNMFJg6vdHi2TOpmDykFckVdSR83eTvruAqqj3HqZftCWibcdE6k9yDQwzB0LwBc_wEsmfT4wNlZcwhRU2ZOAi5Kw&fb_obo=1&utld=facebook.com&stp=c0.5000x0.5000f_dst-emg0_q75_tt6&edm=AOgd6ZUEAAAA&_nc_gid=EHtcjvRKjew78KK8RO285w&_nc_oc=Adp0cZS_M8nhbdFCwx0EiiSlL-eHKE9jWHO6cnGnKe7PJnjqWpLNPSyT6L7STYW0j-Y&ccb=13-1&oh=06_Q3-9ARobn325CrrKDblkQ7-Y9KhceB6Lx9UUHDpe2kjLJnRA&oe=69CF0178&_nc_sid=58080a,PAUSED,150,,,,,,,
23/03/2026,Suplementação na Prática,[RA][Leads][Captação] Lançamento MGP,[ADV] Aberto,VD002 - Imagina você gerenciar,120242147053410429,"10,48",0,0,0,16,34,58,"1,18","180,69",45,23,https://www.instagram.com/p/DWFNvlygC-i/,https://scontent.xx.fbcdn.net/v/t15.5256-10/653634770_1492693735906037_6767426430020073276_n.jpg?_nc_cat=102&ccb=1-7&_nc_ohc=YtrYd_dWM2MQ7kNvwGdD-DY&_nc_oc=AdqrSkbtJWj5_1NZ5g6jujZbs7TM3Tc115mpLtkK5JZX4CLMzc_QDo4IBdXVEAvsKEY&_nc_zt=23&_nc_ht=scontent.xx&edm=AOgd6ZUEAAAA&_nc_gid=EHtcjvRKjew78KK8RO285w&_nc_tpa=Q5bMBQF17T5P6Fq8bmUAeN4tPEc6qPW2_3OWsPk_IC-7kW7aqRkkW2-duOGkhzJhPb99N_p7u-BveUG4&stp=c0.5000x0.5000f_dst-emg0_q75_tt6&ur=a86139&_nc_sid=58080a&oh=00_Af1CsbrAfJNn1RCzs5N32fC5-PUYmsNBx7MylCQp5iVYFw&oe=69D2FB8D,PAUSED,150,,,,,,,
23/03/2026,Suplementação na Prática,[RA][Leads][Captação] Lançamento MGP,[ADV] Aberto,VD003 - Cansado de roçar,120242147053420429,"4,53",0,0,0,6,16,26,"1,08","174,23",17,7,https://www.instagram.com/p/DWFNvzmgHv1/,https://scontent.xx.fbcdn.net/v/t15.5256-10/652785543_1825205544811751_9130336935094913656_n.jpg?_nc_cat=109&ccb=1-7&_nc_ohc=h1hfmToNfn0Q7kNvwHF2dTn&_nc_oc=AdoLdj_YfCkKkY7LkWnviZA8Til2viw6pjJPnZ6wu-QqxvF23021yQYOoYu5T04TugE&_nc_zt=23&_nc_ht=scontent.xx&edm=AOgd6ZUEAAAA&_nc_gid=EHtcjvRKjew78KK8RO285w&_nc_tpa=Q5bMBQHwXlnH7_MCiDWYYnNxFvl4ckcEsTHVVjQmr1JiF6GjncyUdEfqPCdkrbWkTSHNp8C5oWVOKUgM&stp=c0.5000x0.5000f_dst-emg0_q75_tt6&ur=a86139&_nc_sid=58080a&oh=00_Af1Fc6teK4dQVqp02-r-HZWtZewTCk2EAoa3HiSPO1ao4Q&oe=69D2F54B,PAUSED,150,,,,,,,
23/03/2026,Suplementação na Prática,[RA][Leads][Captação] Lançamento MGP,[ADV] Aberto,VD005 - É o fim do pasto,120242241534940429,"36,78",0,0,0,54,123,579,"1,1","63,52",295,74,https://www.instagram.com/p/DWL6VLlgDTJ/,https://scontent.xx.fbcdn.net/v/t15.5256-10/655079821_1465958455172370_942502284241872289_n.jpg?_nc_cat=111&ccb=1-7&_nc_ohc=oO3qA3gJAIcQ7kNvwHJfgPC&_nc_oc=AdrhsDiK1oqd0GZNSbrhj1rRnGwQinGCR8y8MCQhdYntdHN9OARM7ncunkl1FCk-Usw&_nc_zt=23&_nc_ht=scontent.xx&edm=AOgd6ZUEAAAA&_nc_gid=EHtcjvRKjew78KK8RO285w&_nc_tpa=Q5bMBQG4ibndXjZg2xoM_cUXUUKLlz9EFheazLy4DTMEhZxtKbpjWOxmFXb2xbn7E3pLJFn3aB1pfpFf&stp=c0.5000x0.5000f_dst-emg0_q75_tt6&ur=a86139&_nc_sid=58080a&oh=00_Af3OFb8mMZd3sxz4IzQOLQKSjyyhX2cLCzzZnFZDK9YSrQ&oe=69D2E446,ACTIVE,150,,,,,,,
23/03/2026,Suplementação na Prática,[RA][Leads][Captação] Lançamento MGP,[ADV] Aberto,VD006 - O que é o método,120242241534000429,"20,11",0,0,0,11,30,1001,"1,14","20,09",240,51,https://www.instagram.com/p/DWL6WKzgGsK/,https://scontent.xx.fbcdn.net/v/t15.5256-10/656207019_1890315121847048_5837279791465239010_n.jpg?_nc_cat=110&ccb=1-7&_nc_ohc=isu0JFTqO1cQ7kNvwHAH0GR&_nc_oc=Adp3wqMzUXS28J9ZO1-QG4LN7snVi2JYPuPfXt3H5fBl4YCIzwtQRV6Qvxc5bPI8oNM&_nc_zt=23&_nc_ht=scontent.xx&edm=AOgd6ZUEAAAA&_nc_gid=EHtcjvRKjew78KK8RO285w&_nc_tpa=Q5bMBQGUIipMEcdneZ2mZr_UkukxKK8VRuhDKc5fbQ2j9izzc2zeRaVhBkGxQ4vhziUewt-8_vSFmmmK&stp=c0.5000x0.5000f_dst-emg0_q75_tt6&ur=a86139&_nc_sid=58080a&oh=00_Af3kW7CWtUkVUPSbcEjdUSq5nFjihoJOANHoYL8bf00LAA&oe=69D2E5B9,ACTIVE,150,,,,,,,
23/03/2026,Suplementação na Prática,[RA][Leads][Captação] Lançamento MGP,[ADV] Aberto,VD007 - Imagine você gerenciar,120242241530260429,"20,22",0,0,0,13,19,1390,"1,14","14,55",441,108,https://www.instagram.com/p/DWL6VEvgEuq/,https://scontent.xx.fbcdn.net/v/t15.5256-10/653836975_1180705807312413_3350291296595275000_n.jpg?_nc_cat=102&ccb=1-7&_nc_ohc=4iLMxRq6hpYQ7kNvwHVInIX&_nc_oc=AdrTBKZ8Mu2h4YNJyqz6ew7JvkHKF5hQHGofUOmAAmvi6kQKZJgE_SVa_6RL9xKsRIU&_nc_zt=23&_nc_ht=scontent.xx&edm=AOgd6ZUEAAAA&_nc_gid=EHtcjvRKjew78KK8RO285w&_nc_tpa=Q5bMBQG54YACGes37ZCmBcOlRLcILm4eUbc9kTXkjfiqCsPPPywMUAZoc8iPjDzy3pacUe7c1V1d9LPV&stp=c0.5000x0.5000f_dst-emg0_q75_tt6&ur=a86139&_nc_sid=58080a&oh=00_Af3wxDljsCQJ_OfTayHRgqioh8BmojmB6LPpiINhaMzHmQ&oe=69D2E669,ACTIVE,150,,,,,,,
24/03/2026,Suplementação na Prática,[RA][Leads][Captação] Lançamento MGP,[ADV] Aberto,AD004 - Coloque até 2x mais,120241822139260429,"0,7",0,0,0,1,1,40,"1,11","17,5",0,0,https://www.instagram.com/p/DV_JTvIgFHD/,https://external.xx.fbcdn.net/emg1/v/t13/7038129135912776021?url=https%3A%2F%2Fwww.facebook.com%2Fads%2Fimage%2F%3Fd%3DAQJ-8BRXxwlqtfefMCKsuGmuUeUPORDTfVseKcXsjnUr2Q4ati1s5WVHQeJGXiDYkSnFOQJSjynbgnT1x3uo2OBspkbJBXj-v64XSnuZNQhyANVRBWuFZxR0LoyfeBzhzgi4uLg0pliWq7qxgJNzATr1&fb_obo=1&utld=facebook.com&stp=c0.5000x0.5000f_dst-emg0_q75_tt6&edm=AOgd6ZUEAAAA&_nc_gid=EHtcjvRKjew78KK8RO285w&_nc_oc=Adr0sULdJIZy365jVLzsfhRgY1Kei_TDzuziJJUkVhlPcU7a6Aab4JdJmT7nZP0Axgc&ccb=13-1&oh=06_Q3-9AR0wTrPnb7BWmP_2N4lGuHBeFSnbYxD5zQz2ErG6lZQN&oe=69CEFDF0&_nc_sid=58080a,PAUSED,150,,,,,,,
24/03/2026,Suplementação na Prática,[RA][Leads][Captação] Lançamento MGP,[ADV] Aberto,VD002 - Imagina você gerenciar,120242147053410429,"63,07",0,0,0,66,142,186,"1,14","339,09",174,119,https://www.instagram.com/p/DWFNvlygC-i/,https://scontent.xx.fbcdn.net/v/t15.5256-10/653634770_1492693735906037_6767426430020073276_n.jpg?_nc_cat=102&ccb=1-7&_nc_ohc=YtrYd_dWM2MQ7kNvwGdD-DY&_nc_oc=AdqrSkbtJWj5_1NZ5g6jujZbs7TM3Tc115mpLtkK5JZX4CLMzc_QDo4IBdXVEAvsKEY&_nc_zt=23&_nc_ht=scontent.xx&edm=AOgd6ZUEAAAA&_nc_gid=EHtcjvRKjew78KK8RO285w&_nc_tpa=Q5bMBQF17T5P6Fq8bmUAeN4tPEc6qPW2_3OWsPk_IC-7kW7aqRkkW2-duOGkhzJhPb99N_p7u-BveUG4&stp=c0.5000x0.5000f_dst-emg0_q75_tt6&ur=a86139&_nc_sid=58080a&oh=00_Af1CsbrAfJNn1RCzs5N32fC5-PUYmsNBx7MylCQp5iVYFw&oe=69D2FB8D,PAUSED,150,,,,,,,
24/03/2026,Suplementação na Prática,[RA][Leads][Captação] Lançamento MGP,[ADV] Aberto,VD003 - Cansado de roçar,120242147053420429,"0,27",0,0,0,2,0,9,1,30,2,1,https://www.instagram.com/p/DWFNvzmgHv1/,https://scontent.xx.fbcdn.net/v/t15.5256-10/652785543_1825205544811751_9130336935094913656_n.jpg?_nc_cat=109&ccb=1-7&_nc_ohc=h1hfmToNfn0Q7kNvwHF2dTn&_nc_oc=AdoLdj_YfCkKkY7LkWnviZA8Til2viw6pjJPnZ6wu-QqxvF23021yQYOoYu5T04TugE&_nc_zt=23&_nc_ht=scontent.xx&edm=AOgd6ZUEAAAA&_nc_gid=EHtcjvRKjew78KK8RO285w&_nc_tpa=Q5bMBQHwXlnH7_MCiDWYYnNxFvl4ckcEsTHVVjQmr1JiF6GjncyUdEfqPCdkrbWkTSHNp8C5oWVOKUgM&stp=c0.5000x0.5000f_dst-emg0_q75_tt6&ur=a86139&_nc_sid=58080a&oh=00_Af1Fc6teK4dQVqp02-r-HZWtZewTCk2EAoa3HiSPO1ao4Q&oe=69D2F54B,PAUSED,150,,,,,,,
24/03/2026,Suplementação na Prática,[RA][Leads][Captação] Lançamento MGP,[ADV] Aberto,VD005 - É o fim do pasto,120242241534940429,"19,46",0,0,0,23,42,160,"1,1","121,62",86,19,https://www.instagram.com/p/DWL6VLlgDTJ/,https://scontent.xx.fbcdn.net/v/t15.5256-10/655079821_1465958455172370_942502284241872289_n.jpg?_nc_cat=111&ccb=1-7&_nc_ohc=oO3qA3gJAIcQ7kNvwHJfgPC&_nc_oc=AdrhsDiK1oqd0GZNSbrhj1rRnGwQinGCR8y8MCQhdYntdHN9OARM7ncunkl1FCk-Usw&_nc_zt=23&_nc_ht=scontent.xx&edm=AOgd6ZUEAAAA&_nc_gid=EHtcjvRKjew78KK8RO285w&_nc_tpa=Q5bMBQG4ibndXjZg2xoM_cUXUUKLlz9EFheazLy4DTMEhZxtKbpjWOxmFXb2xbn7E3pLJFn3aB1pfpFf&stp=c0.5000x0.5000f_dst-emg0_q75_tt6&ur=a86139&_nc_sid=58080a&oh=00_Af3OFb8mMZd3sxz4IzQOLQKSjyyhX2cLCzzZnFZDK9YSrQ&oe=69D2E446,ACTIVE,150,,,,,,,
24/03/2026,Suplementação na Prática,[RA][Leads][Captação] Lançamento MGP,[ADV] Aberto,VD006 - O que é o método,120242241534000429,"9,81",0,0,0,8,21,385,"1,11","25,48",88,22,https://www.instagram.com/p/DWL6WKzgGsK/,https://scontent.xx.fbcdn.net/v/t15.5256-10/656207019_1890315121847048_5837279791465239010_n.jpg?_nc_cat=110&ccb=1-7&_nc_ohc=isu0JFTqO1cQ7kNvwHAH0GR&_nc_oc=Adp3wqMzUXS28J9ZO1-QG4LN7snVi2JYPuPfXt3H5fBl4YCIzwtQRV6Qvxc5bPI8oNM&_nc_zt=23&_nc_ht=scontent.xx&edm=AOgd6ZUEAAAA&_nc_gid=EHtcjvRKjew78KK8RO285w&_nc_tpa=Q5bMBQGUIipMEcdneZ2mZr_UkukxKK8VRuhDKc5fbQ2j9izzc2zeRaVhBkGxQ4vhziUewt-8_vSFmmmK&stp=c0.5000x0.5000f_dst-emg0_q75_tt6&ur=a86139&_nc_sid=58080a&oh=00_Af3kW7CWtUkVUPSbcEjdUSq5nFjihoJOANHoYL8bf00LAA&oe=69D2E5B9,ACTIVE,150,,,,,,,
24/03/2026,Suplementação na Prática,[RA][Leads][Captação] Lançamento MGP,[ADV] Aberto,VD007 - Imagine você gerenciar,120242241530260429,"6,07",0,0,0,4,4,205,"1,03","29,61",66,20,https://www.instagram.com/p/DWL6VEvgEuq/,https://scontent.xx.fbcdn.net/v/t15.5256-10/653836975_1180705807312413_3350291296595275000_n.jpg?_nc_cat=102&ccb=1-7&_nc_ohc=4iLMxRq6hpYQ7kNvwHVInIX&_nc_oc=AdrTBKZ8Mu2h4YNJyqz6ew7JvkHKF5hQHGofUOmAAmvi6kQKZJgE_SVa_6RL9xKsRIU&_nc_zt=23&_nc_ht=scontent.xx&edm=AOgd6ZUEAAAA&_nc_gid=EHtcjvRKjew78KK8RO285w&_nc_tpa=Q5bMBQG54YACGes37ZCmBcOlRLcILm4eUbc9kTXkjfiqCsPPPywMUAZoc8iPjDzy3pacUe7c1V1d9LPV&stp=c0.5000x0.5000f_dst-emg0_q75_tt6&ur=a86139&_nc_sid=58080a&oh=00_Af3wxDljsCQJ_OfTayHRgqioh8BmojmB6LPpiINhaMzHmQ&oe=69D2E669,ACTIVE,150,,,,,,,
25/03/2026,Suplementação na Prática,[RA][Leads][Captação] Lançamento MGP,[ADV] Aberto,AD004 - Coloque até 2x mais,120241822139260429,"0,01",0,0,0,0,0,2,1,5,0,0,https://www.instagram.com/p/DV_JTvIgFHD/,https://external.xx.fbcdn.net/emg1/v/t13/7038129135912776021?url=https%3A%2F%2Fwww.facebook.com%2Fads%2Fimage%2F%3Fd%3DAQJ-8BRXxwlqtfefMCKsuGmuUeUPORDTfVseKcXsjnUr2Q4ati1s5WVHQeJGXiDYkSnFOQJSjynbgnT1x3uo2OBspkbJBXj-v64XSnuZNQhyANVRBWuFZxR0LoyfeBzhzgi4uLg0pliWq7qxgJNzATr1&fb_obo=1&utld=facebook.com&stp=c0.5000x0.5000f_dst-emg0_q75_tt6&edm=AOgd6ZUEAAAA&_nc_gid=EHtcjvRKjew78KK8RO285w&_nc_oc=Adr0sULdJIZy365jVLzsfhRgY1Kei_TDzuziJJUkVhlPcU7a6Aab4JdJmT7nZP0Axgc&ccb=13-1&oh=06_Q3-9AR0wTrPnb7BWmP_2N4lGuHBeFSnbYxD5zQz2ErG6lZQN&oe=69CEFDF0&_nc_sid=58080a,PAUSED,150,,,,,,,
25/03/2026,Suplementação na Prática,[RA][Leads][Captação] Lançamento MGP,[ADV] Aberto,AD008 VAR1 - Faltam 5 dias,120242381849460429,"0,03",0,0,0,0,0,4,1,"7,5",0,0,https://www.instagram.com/p/DWUZ-Z0gHZV/,https://external.xx.fbcdn.net/emg1/v/t13/258074978788680581?url=https%3A%2F%2Fwww.facebook.com%2Fads%2Fimage%2F%3Fd%3DAQIjfY9Svtnm3ShhVzz5C-0wbLSJvg9Axt5ewqDOTRHPRQ9RadYGkfTzBqy763qfzJUja0mDOM5FasSOWTw5G4O9qGRESxm9KsxuVbXsh_H-Oaifro1iKeh4NLRh99b07phaRr5x_GFHuzUO87mNu17k&fb_obo=1&utld=facebook.com&stp=c0.5000x0.5000f_dst-emg0_q75_tt6&edm=AOgd6ZUEAAAA&_nc_gid=EHtcjvRKjew78KK8RO285w&_nc_oc=AdoAIqgGAhQy2mjjp6V3ExUZMIr13uCWy3YByA2lPnFRtQlvP2ub4OgiH2iwtDPpTeA&ccb=13-1&oh=06_Q3-9AV__9_OKPENYxlR3woxHoYazqjXQkVCoy8vMbkb6kwkW&oe=69CF16E7&_nc_sid=58080a,PAUSED,150,,,,,,,
25/03/2026,Suplementação na Prática,[RA][Leads][Captação] Lançamento MGP,[ADV] Aberto,VD001 - Quer dobrar a lotação,120242146281870429,"9,18",0,0,0,6,27,32,"1,07","286,88",30,20,https://www.instagram.com/p/DWFNvsGgEc3/,https://scontent.xx.fbcdn.net/v/t15.5256-10/654557477_1339602417915461_7843226619543645275_n.jpg?_nc_cat=105&ccb=1-7&_nc_ohc=CVN2NreRNIgQ7kNvwEBrchX&_nc_oc=AdrZgs7gvgd3QHrfTnHzDE-Uopqm6IPp2OkNl4w6YgpP8R_dPFjCBP07UbjcPup6Gpw&_nc_zt=23&_nc_ht=scontent.xx&edm=AOgd6ZUEAAAA&_nc_gid=EHtcjvRKjew78KK8RO285w&_nc_tpa=Q5bMBQHLpeDDtvvZZWqusq8MGPDsnyAzCajRj2eAY_tJ3O2td1HdHbw3pVur7_98bHYVkIMcA212irHc&stp=c0.5000x0.5000f_dst-emg0_q75_tt6&ur=a86139&_nc_sid=58080a&oh=00_Af3qwGatP8g9AFBDTp7u1P3bKQYjesqRggXsfp6za_LI1Q&oe=69D2EDDF,PAUSED,150,,,,,,,
25/03/2026,Suplementação na Prática,[RA][Leads][Captação] Lançamento MGP,[ADV] Aberto,VD002 - Imagina você gerenciar,120242147053410429,"58,39",0,0,0,64,124,190,"1,09","307,32",157,100,https://www.instagram.com/p/DWFNvlygC-i/,https://scontent.xx.fbcdn.net/v/t15.5256-10/653634770_1492693735906037_6767426430020073276_n.jpg?_nc_cat=102&ccb=1-7&_nc_ohc=YtrYd_dWM2MQ7kNvwGdD-DY&_nc_oc=AdqrSkbtJWj5_1NZ5g6jujZbs7TM3Tc115mpLtkK5JZX4CLMzc_QDo4IBdXVEAvsKEY&_nc_zt=23&_nc_ht=scontent.xx&edm=AOgd6ZUEAAAA&_nc_gid=EHtcjvRKjew78KK8RO285w&_nc_tpa=Q5bMBQF17T5P6Fq8bmUAeN4tPEc6qPW2_3OWsPk_IC-7kW7aqRkkW2-duOGkhzJhPb99N_p7u-BveUG4&stp=c0.5000x0.5000f_dst-emg0_q75_tt6&ur=a86139&_nc_sid=58080a&oh=00_Af1CsbrAfJNn1RCzs5N32fC5-PUYmsNBx7MylCQp5iVYFw&oe=69D2FB8D,PAUSED,150,,,,,,,
25/03/2026,Suplementação na Prática,[RA][Leads][Captação] Lançamento MGP,[ADV] Aberto,VD004 - Deixa eu te fazer,120242147044350429,"1,28",0,0,0,1,2,10,1,128,6,1,https://www.instagram.com/p/DWFNxMTAGvM/,https://scontent.xx.fbcdn.net/v/t15.5256-10/629839477_2322858814791813_7854841327346575003_n.jpg?_nc_cat=104&ccb=1-7&_nc_ohc=G5XRTSyFR0EQ7kNvwHt1tT_&_nc_oc=AdrosaSC2krFVbJ_pI_wNONZjB8lh_7ZYC9jHMd8cpx273AQ_HY7m7jvNH7Fo6Mp7vM&_nc_zt=23&_nc_ht=scontent.xx&edm=AOgd6ZUEAAAA&_nc_gid=EHtcjvRKjew78KK8RO285w&_nc_tpa=Q5bMBQFjIg05W2MgEUyqbmmhCVQtEKUe5qKd5ZOiJyB688VJfcIQCmx97ihU3xLL53DRHIiexAsIB10y&stp=c0.5000x0.5000f_dst-emg0_q75_tt6&ur=a86139&_nc_sid=58080a&oh=00_Af2BdUqK63-S8MprjHNbLSXghekj_GM4Qnpe3HjaF9u0HA&oe=69D2EFF6,PAUSED,150,,,,,,,
25/03/2026,Suplementação na Prática,[RA][Leads][Captação] Lançamento MGP,[ADV] Aberto,VD005 - É o fim do pasto,120242241534940429,"63,41",0,0,0,70,191,344,"1,06","184,33",253,69,https://www.instagram.com/p/DWL6VLlgDTJ/,https://scontent.xx.fbcdn.net/v/t15.5256-10/655079821_1465958455172370_942502284241872289_n.jpg?_nc_cat=111&ccb=1-7&_nc_ohc=oO3qA3gJAIcQ7kNvwHJfgPC&_nc_oc=AdrhsDiK1oqd0GZNSbrhj1rRnGwQinGCR8y8MCQhdYntdHN9OARM7ncunkl1FCk-Usw&_nc_zt=23&_nc_ht=scontent.xx&edm=AOgd6ZUEAAAA&_nc_gid=EHtcjvRKjew78KK8RO285w&_nc_tpa=Q5bMBQG4ibndXjZg2xoM_cUXUUKLlz9EFheazLy4DTMEhZxtKbpjWOxmFXb2xbn7E3pLJFn3aB1pfpFf&stp=c0.5000x0.5000f_dst-emg0_q75_tt6&ur=a86139&_nc_sid=58080a&oh=00_Af3OFb8mMZd3sxz4IzQOLQKSjyyhX2cLCzzZnFZDK9YSrQ&oe=69D2E446,ACTIVE,150,,,,,,,
25/03/2026,Suplementação na Prática,[RA][Leads][Captação] Lançamento MGP,[ADV] Aberto,VD006 - O que é o método,120242241534000429,"8,54",0,0,0,9,21,306,"1,17","27,91",95,22,https://www.instagram.com/p/DWL6WKzgGsK/,https://scontent.xx.fbcdn.net/v/t15.5256-10/656207019_1890315121847048_5837279791465239010_n.jpg?_nc_cat=110&ccb=1-7&_nc_ohc=isu0JFTqO1cQ7kNvwHAH0GR&_nc_oc=Adp3wqMzUXS28J9ZO1-QG4LN7snVi2JYPuPfXt3H5fBl4YCIzwtQRV6Qvxc5bPI8oNM&_nc_zt=23&_nc_ht=scontent.xx&edm=AOgd6ZUEAAAA&_nc_gid=EHtcjvRKjew78KK8RO285w&_nc_tpa=Q5bMBQGUIipMEcdneZ2mZr_UkukxKK8VRuhDKc5fbQ2j9izzc2zeRaVhBkGxQ4vhziUewt-8_vSFmmmK&stp=c0.5000x0.5000f_dst-emg0_q75_tt6&ur=a86139&_nc_sid=58080a&oh=00_Af3kW7CWtUkVUPSbcEjdUSq5nFjihoJOANHoYL8bf00LAA&oe=69D2E5B9,ACTIVE,150,,,,,,,
25/03/2026,Suplementação na Prática,[RA][Leads][Captação] Lançamento MGP,[ADV] Aberto,VD007 - Imagine você gerenciar,120242241530260429,"1,6",0,0,0,1,2,44,1,"36,36",15,6,https://www.instagram.com/p/DWL6VEvgEuq/,https://scontent.xx.fbcdn.net/v/t15.5256-10/653836975_1180705807312413_3350291296595275000_n.jpg?_nc_cat=102&ccb=1-7&_nc_ohc=4iLMxRq6hpYQ7kNvwHVInIX&_nc_oc=AdrTBKZ8Mu2h4YNJyqz6ew7JvkHKF5hQHGofUOmAAmvi6kQKZJgE_SVa_6RL9xKsRIU&_nc_zt=23&_nc_ht=scontent.xx&edm=AOgd6ZUEAAAA&_nc_gid=EHtcjvRKjew78KK8RO285w&_nc_tpa=Q5bMBQG54YACGes37ZCmBcOlRLcILm4eUbc9kTXkjfiqCsPPPywMUAZoc8iPjDzy3pacUe7c1V1d9LPV&stp=c0.5000x0.5000f_dst-emg0_q75_tt6&ur=a86139&_nc_sid=58080a&oh=00_Af3wxDljsCQJ_OfTayHRgqioh8BmojmB6LPpiINhaMzHmQ&oe=69D2E669,ACTIVE,150,,,,,,,
26/03/2026,Suplementação na Prática,[RA][Leads][Captação] Lançamento MGP,[ADV] Aberto,AD003 - Gestão do pasto,120241822139310429,"19,72",0,0,0,20,27,2667,"1,28","7,39",0,0,https://www.instagram.com/p/DV_JT0HAH3v/,https://external.xx.fbcdn.net/emg1/v/t13/13065861944801083276?url=https%3A%2F%2Fwww.facebook.com%2Fads%2Fimage%2F%3Fd%3DAQLh66VnSc8ueAngUAt9v4G2PSmdI7vR6mTn84pf9pcI0zh2fkD1y_1OEcWygQxzlgsPwj8tX30dTnuI7v3J8c09jeid4W57h0wWI5E_3S8JHl03HtYPIwRHnEaeN6xllT9kheCHKM-RG0nzyXA3A1fo&fb_obo=1&utld=facebook.com&stp=c0.5000x0.5000f_dst-emg0_q75_tt6&edm=AOgd6ZUEAAAA&_nc_gid=EHtcjvRKjew78KK8RO285w&_nc_oc=AdqcCqbGnsxXewkdruGrKrsXkhHyQ6aO1wRwycX3BJMec925ClcwujLGI8p8WXLhghg&ccb=13-1&oh=06_Q3-9AdHIlmKLo0ODKNSuHOHnrniau0mZmhbUgW8u-cZ3hOmQ&oe=69CF02F8&_nc_sid=58080a,ACTIVE,150,,,,,,,
26/03/2026,Suplementação na Prática,[RA][Leads][Captação] Lançamento MGP,[ADV] Aberto,AD005 - O erro típico,120241822139270429,"1,39",0,0,0,1,2,125,"1,19","11,12",0,0,https://www.instagram.com/p/DV_JT1ZACeP/,https://external.xx.fbcdn.net/emg1/v/t13/12579726523685991450?url=https%3A%2F%2Fwww.facebook.com%2Fads%2Fimage%2F%3Fd%3DAQKsonrFFmmgjsbySMZykMGbecKmUjdQgE3UDN7hDNdBAdFU_KD3QdAVDnv0-uLICKUIcrSBkC7wXNbLPM2paHK0IYcXee4UwA7G-jCpGYObcB1DKWfDNEw4XN80Of0QWbpo7a4XSiGBbFFW6XyfOGTl&fb_obo=1&utld=facebook.com&stp=c0.5000x0.5000f_dst-emg0_q75_tt6&edm=AOgd6ZUEAAAA&_nc_gid=EHtcjvRKjew78KK8RO285w&_nc_oc=Adp4G8O2xtLsypDoI6OStLVcNP0WI-xmbZdxPlEUiRZDQUHaQEWaWUNJlbgDs-AwCUY&ccb=13-1&oh=06_Q3-9AT0XWHjhn-e-11CpoNMvbK9JafPrsEtzvgoerWOPtt3r&oe=69CEFE25&_nc_sid=58080a,PAUSED,150,,,,,,,
26/03/2026,Suplementação na Prática,[RA][Leads][Captação] Lançamento MGP,[ADV] Aberto,AD008 VAR1 - Faltam 5 dias,120242381849460429,"0,3",0,0,0,0,0,15,1,20,0,0,https://www.instagram.com/p/DWUZ-Z0gHZV/,https://external.xx.fbcdn.net/emg1/v/t13/258074978788680581?url=https%3A%2F%2Fwww.facebook.com%2Fads%2Fimage%2F%3Fd%3DAQIjfY9Svtnm3ShhVzz5C-0wbLSJvg9Axt5ewqDOTRHPRQ9RadYGkfTzBqy763qfzJUja0mDOM5FasSOWTw5G4O9qGRESxm9KsxuVbXsh_H-Oaifro1iKeh4NLRh99b07phaRr5x_GFHuzUO87mNu17k&fb_obo=1&utld=facebook.com&stp=c0.5000x0.5000f_dst-emg0_q75_tt6&edm=AOgd6ZUEAAAA&_nc_gid=EHtcjvRKjew78KK8RO285w&_nc_oc=AdoAIqgGAhQy2mjjp6V3ExUZMIr13uCWy3YByA2lPnFRtQlvP2ub4OgiH2iwtDPpTeA&ccb=13-1&oh=06_Q3-9AV__9_OKPENYxlR3woxHoYazqjXQkVCoy8vMbkb6kwkW&oe=69CF16E7&_nc_sid=58080a,PAUSED,150,,,,,,,
26/03/2026,Suplementação na Prática,[RA][Leads][Captação] Lançamento MGP,[ADV] Aberto,AD009 VAR2 - Faltam 4 dias,120242381849500429,"0,02",0,0,0,0,0,4,1,5,0,0,https://www.instagram.com/p/DWUZ-6-gOWz/,https://external.xx.fbcdn.net/emg1/v/t13/3212285151010566239?url=https%3A%2F%2Fwww.facebook.com%2Fads%2Fimage%2F%3Fd%3DAQKZo2tyuvoDJdCBNDSR1rjqKf5HNoxWwG8aPC9JR6P-f4ukcAfOGDVhTSC9Jg-wIBcv33QXMqw2pBYpIB2iLACUU0sn7jqPK-fcvxDB75NT9OiTIjQiPpaeWTIt6-tYbxre1soX_4OktRZnyCdpNKYV&fb_obo=1&utld=facebook.com&stp=c0.5000x0.5000f_dst-emg0_q75_tt6&edm=AOgd6ZUEAAAA&_nc_gid=EHtcjvRKjew78KK8RO285w&_nc_oc=AdppPaPUdE_SZ66-QVbM95hJs9S6XAc_NIl6DNemitZpep7kyAGtBqsa3B1ILp87fnA&ccb=13-1&oh=06_Q3-9AQMRlX_rzwhsdXAyTKAWxtzdK85vI0aXQdAN_cphJn3e&oe=69CF1F92&_nc_sid=58080a,PAUSED,150,,,,,,,
26/03/2026,Suplementação na Prática,[RA][Leads][Captação] Lançamento MGP,[ADV] Aberto,VD001 - Quer dobrar a lotação,120242146281870429,"23,61",0,0,0,30,62,188,"1,18","125,59",107,58,https://www.instagram.com/p/DWFNvsGgEc3/,https://scontent.xx.fbcdn.net/v/t15.5256-10/654557477_1339602417915461_7843226619543645275_n.jpg?_nc_cat=105&ccb=1-7&_nc_ohc=CVN2NreRNIgQ7kNvwEBrchX&_nc_oc=AdrZgs7gvgd3QHrfTnHzDE-Uopqm6IPp2OkNl4w6YgpP8R_dPFjCBP07UbjcPup6Gpw&_nc_zt=23&_nc_ht=scontent.xx&edm=AOgd6ZUEAAAA&_nc_gid=EHtcjvRKjew78KK8RO285w&_nc_tpa=Q5bMBQHLpeDDtvvZZWqusq8MGPDsnyAzCajRj2eAY_tJ3O2td1HdHbw3pVur7_98bHYVkIMcA212irHc&stp=c0.5000x0.5000f_dst-emg0_q75_tt6&ur=a86139&_nc_sid=58080a&oh=00_Af3qwGatP8g9AFBDTp7u1P3bKQYjesqRggXsfp6za_LI1Q&oe=69D2EDDF,PAUSED,150,,,,,,,
26/03/2026,Suplementação na Prática,[RA][Leads][Captação] Lançamento MGP,[ADV] Aberto,VD002 - Imagina você gerenciar,120242147053410429,"12,45",0,0,0,12,38,67,"1,12","185,82",60,28,https://www.instagram.com/p/DWFNvlygC-i/,https://scontent.xx.fbcdn.net/v/t15.5256-10/653634770_1492693735906037_6767426430020073276_n.jpg?_nc_cat=102&ccb=1-7&_nc_ohc=YtrYd_dWM2MQ7kNvwGdD-DY&_nc_oc=AdqrSkbtJWj5_1NZ5g6jujZbs7TM3Tc115mpLtkK5JZX4CLMzc_QDo4IBdXVEAvsKEY&_nc_zt=23&_nc_ht=scontent.xx&edm=AOgd6ZUEAAAA&_nc_gid=EHtcjvRKjew78KK8RO285w&_nc_tpa=Q5bMBQF17T5P6Fq8bmUAeN4tPEc6qPW2_3OWsPk_IC-7kW7aqRkkW2-duOGkhzJhPb99N_p7u-BveUG4&stp=c0.5000x0.5000f_dst-emg0_q75_tt6&ur=a86139&_nc_sid=58080a&oh=00_Af1CsbrAfJNn1RCzs5N32fC5-PUYmsNBx7MylCQp5iVYFw&oe=69D2FB8D,PAUSED,150,,,,,,,
26/03/2026,Suplementação na Prática,[RA][Leads][Captação] Lançamento MGP,[ADV] Aberto,VD004 - Deixa eu te fazer,120242147044350429,"3,86",0,0,0,5,11,18,"1,06","214,44",14,4,https://www.instagram.com/p/DWFNxMTAGvM/,https://scontent.xx.fbcdn.net/v/t15.5256-10/629839477_2322858814791813_7854841327346575003_n.jpg?_nc_cat=104&ccb=1-7&_nc_ohc=G5XRTSyFR0EQ7kNvwHt1tT_&_nc_oc=AdrosaSC2krFVbJ_pI_wNONZjB8lh_7ZYC9jHMd8cpx273AQ_HY7m7jvNH7Fo6Mp7vM&_nc_zt=23&_nc_ht=scontent.xx&edm=AOgd6ZUEAAAA&_nc_gid=EHtcjvRKjew78KK8RO285w&_nc_tpa=Q5bMBQFjIg05W2MgEUyqbmmhCVQtEKUe5qKd5ZOiJyB688VJfcIQCmx97ihU3xLL53DRHIiexAsIB10y&stp=c0.5000x0.5000f_dst-emg0_q75_tt6&ur=a86139&_nc_sid=58080a&oh=00_Af2BdUqK63-S8MprjHNbLSXghekj_GM4Qnpe3HjaF9u0HA&oe=69D2EFF6,PAUSED,150,,,,,,,
26/03/2026,Suplementação na Prática,[RA][Leads][Captação] Lançamento MGP,[ADV] Aberto,VD005 - É o fim do pasto,120242241534940429,"55,59",0,0,0,75,169,853,"1,07","65,17",488,114,https://www.instagram.com/p/DWL6VLlgDTJ/,https://scontent.xx.fbcdn.net/v/t15.5256-10/655079821_1465958455172370_942502284241872289_n.jpg?_nc_cat=111&ccb=1-7&_nc_ohc=oO3qA3gJAIcQ7kNvwHJfgPC&_nc_oc=AdrhsDiK1oqd0GZNSbrhj1rRnGwQinGCR8y8MCQhdYntdHN9OARM7ncunkl1FCk-Usw&_nc_zt=23&_nc_ht=scontent.xx&edm=AOgd6ZUEAAAA&_nc_gid=EHtcjvRKjew78KK8RO285w&_nc_tpa=Q5bMBQG4ibndXjZg2xoM_cUXUUKLlz9EFheazLy4DTMEhZxtKbpjWOxmFXb2xbn7E3pLJFn3aB1pfpFf&stp=c0.5000x0.5000f_dst-emg0_q75_tt6&ur=a86139&_nc_sid=58080a&oh=00_Af3OFb8mMZd3sxz4IzQOLQKSjyyhX2cLCzzZnFZDK9YSrQ&oe=69D2E446,ACTIVE,150,,,,,,,
26/03/2026,Suplementação na Prática,[RA][Leads][Captação] Lançamento MGP,[ADV] Aberto,VD006 - O que é o método,120242241534000429,"9,24",0,0,0,5,6,647,"1,07","14,28",187,25,https://www.instagram.com/p/DWL6WKzgGsK/,https://scontent.xx.fbcdn.net/v/t15.5256-10/656207019_1890315121847048_5837279791465239010_n.jpg?_nc_cat=110&ccb=1-7&_nc_ohc=isu0JFTqO1cQ7kNvwHAH0GR&_nc_oc=Adp3wqMzUXS28J9ZO1-QG4LN7snVi2JYPuPfXt3H5fBl4YCIzwtQRV6Qvxc5bPI8oNM&_nc_zt=23&_nc_ht=scontent.xx&edm=AOgd6ZUEAAAA&_nc_gid=EHtcjvRKjew78KK8RO285w&_nc_tpa=Q5bMBQGUIipMEcdneZ2mZr_UkukxKK8VRuhDKc5fbQ2j9izzc2zeRaVhBkGxQ4vhziUewt-8_vSFmmmK&stp=c0.5000x0.5000f_dst-emg0_q75_tt6&ur=a86139&_nc_sid=58080a&oh=00_Af3kW7CWtUkVUPSbcEjdUSq5nFjihoJOANHoYL8bf00LAA&oe=69D2E5B9,ACTIVE,150,,,,,,,
26/03/2026,Suplementação na Prática,[RA][Leads][Captação] Lançamento MGP,[ADV] Aberto,VD007 - Imagine você gerenciar,120242241530260429,"6,67",0,0,0,2,5,348,"1,07","19,17",116,22,https://www.instagram.com/p/DWL6VEvgEuq/,https://scontent.xx.fbcdn.net/v/t15.5256-10/653836975_1180705807312413_3350291296595275000_n.jpg?_nc_cat=102&ccb=1-7&_nc_ohc=4iLMxRq6hpYQ7kNvwHVInIX&_nc_oc=AdrTBKZ8Mu2h4YNJyqz6ew7JvkHKF5hQHGofUOmAAmvi6kQKZJgE_SVa_6RL9xKsRIU&_nc_zt=23&_nc_ht=scontent.xx&edm=AOgd6ZUEAAAA&_nc_gid=EHtcjvRKjew78KK8RO285w&_nc_tpa=Q5bMBQG54YACGes37ZCmBcOlRLcILm4eUbc9kTXkjfiqCsPPPywMUAZoc8iPjDzy3pacUe7c1V1d9LPV&stp=c0.5000x0.5000f_dst-emg0_q75_tt6&ur=a86139&_nc_sid=58080a&oh=00_Af3wxDljsCQJ_OfTayHRgqioh8BmojmB6LPpiINhaMzHmQ&oe=69D2E669,ACTIVE,150,,,,,,,
27/03/2026,Suplementação na Prática,[RA][Leads][Captação] Lançamento MGP,[ADV] Aberto,AD003 - Gestão do pasto,120241822139310429,"7,37",0,0,0,13,21,2599,"1,34","2,84",0,0,https://www.instagram.com/p/DV_JT0HAH3v/,https://external.xx.fbcdn.net/emg1/v/t13/13065861944801083276?url=https%3A%2F%2Fwww.facebook.com%2Fads%2Fimage%2F%3Fd%3DAQLh66VnSc8ueAngUAt9v4G2PSmdI7vR6mTn84pf9pcI0zh2fkD1y_1OEcWygQxzlgsPwj8tX30dTnuI7v3J8c09jeid4W57h0wWI5E_3S8JHl03HtYPIwRHnEaeN6xllT9kheCHKM-RG0nzyXA3A1fo&fb_obo=1&utld=facebook.com&stp=c0.5000x0.5000f_dst-emg0_q75_tt6&edm=AOgd6ZUEAAAA&_nc_gid=EHtcjvRKjew78KK8RO285w&_nc_oc=AdqcCqbGnsxXewkdruGrKrsXkhHyQ6aO1wRwycX3BJMec925ClcwujLGI8p8WXLhghg&ccb=13-1&oh=06_Q3-9AdHIlmKLo0ODKNSuHOHnrniau0mZmhbUgW8u-cZ3hOmQ&oe=69CF02F8&_nc_sid=58080a,ACTIVE,150,,,,,,,
27/03/2026,Suplementação na Prática,[RA][Leads][Captação] Lançamento MGP,[ADV] Aberto,AD005 - O erro típico,120241822139270429,"0,7",0,0,0,2,2,72,"1,12","9,72",0,0,https://www.instagram.com/p/DV_JT1ZACeP/,https://external.xx.fbcdn.net/emg1/v/t13/12579726523685991450?url=https%3A%2F%2Fwww.facebook.com%2Fads%2Fimage%2F%3Fd%3DAQKsonrFFmmgjsbySMZykMGbecKmUjdQgE3UDN7hDNdBAdFU_KD3QdAVDnv0-uLICKUIcrSBkC7wXNbLPM2paHK0IYcXee4UwA7G-jCpGYObcB1DKWfDNEw4XN80Of0QWbpo7a4XSiGBbFFW6XyfOGTl&fb_obo=1&utld=facebook.com&stp=c0.5000x0.5000f_dst-emg0_q75_tt6&edm=AOgd6ZUEAAAA&_nc_gid=EHtcjvRKjew78KK8RO285w&_nc_oc=Adp4G8O2xtLsypDoI6OStLVcNP0WI-xmbZdxPlEUiRZDQUHaQEWaWUNJlbgDs-AwCUY&ccb=13-1&oh=06_Q3-9AT0XWHjhn-e-11CpoNMvbK9JafPrsEtzvgoerWOPtt3r&oe=69CEFE25&_nc_sid=58080a,PAUSED,150,,,,,,,
27/03/2026,Suplementação na Prática,[RA][Leads][Captação] Lançamento MGP,[ADV] Aberto,AD007 - Enquete do manejo,120241822139280429,"0,05",0,0,0,0,0,5,"1,25",10,0,0,https://www.instagram.com/p/DV_JTyNAJj7/,https://external.xx.fbcdn.net/emg1/v/t13/8839943925757702190?url=https%3A%2F%2Fwww.facebook.com%2Fads%2Fimage%2F%3Fd%3DAQK9aLL_ddq8TpT-yP3MwHE-7mLlFB6cU5NoYSyaPLqPUtybt0XG4CiNHdJCdAJoNMFJg6vdHi2TOpmDykFckVdSR83eTvruAqqj3HqZftCWibcdE6k9yDQwzB0LwBc_wEsmfT4wNlZcwhRU2ZOAi5Kw&fb_obo=1&utld=facebook.com&stp=c0.5000x0.5000f_dst-emg0_q75_tt6&edm=AOgd6ZUEAAAA&_nc_gid=EHtcjvRKjew78KK8RO285w&_nc_oc=Adp0cZS_M8nhbdFCwx0EiiSlL-eHKE9jWHO6cnGnKe7PJnjqWpLNPSyT6L7STYW0j-Y&ccb=13-1&oh=06_Q3-9ARobn325CrrKDblkQ7-Y9KhceB6Lx9UUHDpe2kjLJnRA&oe=69CF0178&_nc_sid=58080a,PAUSED,150,,,,,,,
27/03/2026,Suplementação na Prática,[RA][Leads][Captação] Lançamento MGP,[ADV] Aberto,AD009 VAR2 - Faltam 4 dias,120242381849500429,"0,11",0,0,0,0,0,13,"1,08","8,46",0,0,https://www.instagram.com/p/DWUZ-6-gOWz/,https://external.xx.fbcdn.net/emg1/v/t13/3212285151010566239?url=https%3A%2F%2Fwww.facebook.com%2Fads%2Fimage%2F%3Fd%3DAQKZo2tyuvoDJdCBNDSR1rjqKf5HNoxWwG8aPC9JR6P-f4ukcAfOGDVhTSC9Jg-wIBcv33QXMqw2pBYpIB2iLACUU0sn7jqPK-fcvxDB75NT9OiTIjQiPpaeWTIt6-tYbxre1soX_4OktRZnyCdpNKYV&fb_obo=1&utld=facebook.com&stp=c0.5000x0.5000f_dst-emg0_q75_tt6&edm=AOgd6ZUEAAAA&_nc_gid=EHtcjvRKjew78KK8RO285w&_nc_oc=AdppPaPUdE_SZ66-QVbM95hJs9S6XAc_NIl6DNemitZpep7kyAGtBqsa3B1ILp87fnA&ccb=13-1&oh=06_Q3-9AQMRlX_rzwhsdXAyTKAWxtzdK85vI0aXQdAN_cphJn3e&oe=69CF1F92&_nc_sid=58080a,PAUSED,150,,,,,,,
27/03/2026,Suplementação na Prática,[RA][Leads][Captação] Lançamento MGP,[ADV] Aberto,AD010 VAR1 - Faltam 3 dias,120242381849530429,"0,04",0,0,0,0,0,7,"1,75","5,71",0,0,https://www.instagram.com/p/DWUZ-46AJB0/,https://external.xx.fbcdn.net/emg1/v/t13/10562429774839636870?url=https%3A%2F%2Fwww.facebook.com%2Fads%2Fimage%2F%3Fd%3DAQIN5uC-EVmPaXkxoyEQaMINQWTSLALcKBgrf7NMLK-Keq69BdFRavSvLunxoxqMtT0T7JyLJGiVGlsYAml5su6JvndmZ8EM4mnO2CpORKd4Hzg7tqQFzq_pYowlOGgx6fMMkct7pbSONiPnFGxjlqrW&fb_obo=1&utld=facebook.com&stp=c0.5000x0.5000f_dst-emg0_q75_tt6&edm=AOgd6ZUEAAAA&_nc_gid=EHtcjvRKjew78KK8RO285w&_nc_oc=Adq5lnzZIDzYuFjicHasIK2pZwG3rajy1c2EYOHsRlYrGwpxyW4TbBfBapw8AbGG0Rc&ccb=13-1&oh=06_Q3-9AU_9XLwAgs41Rc_esuQnQjz6QkjR4s1kNL_l1LAX3ctT&oe=69CEED99&_nc_sid=58080a,PAUSED,150,,,,,,,
27/03/2026,Suplementação na Prática,[RA][Leads][Captação] Lançamento MGP,[ADV] Aberto,AD010 VAR2 - Faltam 3 dias,120242381849490429,"0,01",0,0,0,0,0,2,2,5,0,0,https://www.instagram.com/p/DWUZ-0TgDz8/,https://external.xx.fbcdn.net/emg1/v/t13/9822041490597055850?url=https%3A%2F%2Fwww.facebook.com%2Fads%2Fimage%2F%3Fd%3DAQJ2FN-lZdDFWrp5WHlRwpOHbADHOlfg4y4UqMIWeTX-ek8l6sdXJle7xDc9MzCwKJedEUG3grdm4c2Wy6FS875KjwMMe7KVo2fHp-dybefkxae4jwfOJHaWY4PJ8IHqXXAUJsCVG2HE9AP88sQQVgYM&fb_obo=1&utld=facebook.com&stp=c0.5000x0.5000f_dst-emg0_q75_tt6&edm=AOgd6ZUEAAAA&_nc_gid=EHtcjvRKjew78KK8RO285w&_nc_oc=Adqrkqh-SEB3Dmg2MrvMS9FW4p2ozYEaRVO_f78wsyaI7KQISw_3TYfGAJxkp2ezJTU&ccb=13-1&oh=06_Q3-9AVcm1Vb8HmD8ESi0v2eISUKc-3pCIM9NpOVpjrk8eM3D&oe=69CF08A1&_nc_sid=58080a,PAUSED,150,,,,,,,
27/03/2026,Suplementação na Prática,[RA][Leads][Captação] Lançamento MGP,[ADV] Aberto,VD001 - Quer dobrar a lotação,120242146281870429,"1,12",0,0,0,3,3,35,"1,13",32,14,6,https://www.instagram.com/p/DWFNvsGgEc3/,https://scontent.xx.fbcdn.net/v/t15.5256-10/654557477_1339602417915461_7843226619543645275_n.jpg?_nc_cat=105&ccb=1-7&_nc_ohc=CVN2NreRNIgQ7kNvwEBrchX&_nc_oc=AdrZgs7gvgd3QHrfTnHzDE-Uopqm6IPp2OkNl4w6YgpP8R_dPFjCBP07UbjcPup6Gpw&_nc_zt=23&_nc_ht=scontent.xx&edm=AOgd6ZUEAAAA&_nc_gid=EHtcjvRKjew78KK8RO285w&_nc_tpa=Q5bMBQHLpeDDtvvZZWqusq8MGPDsnyAzCajRj2eAY_tJ3O2td1HdHbw3pVur7_98bHYVkIMcA212irHc&stp=c0.5000x0.5000f_dst-emg0_q75_tt6&ur=a86139&_nc_sid=58080a&oh=00_Af3qwGatP8g9AFBDTp7u1P3bKQYjesqRggXsfp6za_LI1Q&oe=69D2EDDF,PAUSED,150,,,,,,,
27/03/2026,Suplementação na Prática,[RA][Leads][Captação] Lançamento MGP,[ADV] Aberto,VD002 - Imagina você gerenciar,120242147053410429,"10,42",0,0,0,13,23,84,"1,11","124,05",38,24,https://www.instagram.com/p/DWFNvlygC-i/,https://scontent.xx.fbcdn.net/v/t15.5256-10/653634770_1492693735906037_6767426430020073276_n.jpg?_nc_cat=102&ccb=1-7&_nc_ohc=YtrYd_dWM2MQ7kNvwGdD-DY&_nc_oc=AdqrSkbtJWj5_1NZ5g6jujZbs7TM3Tc115mpLtkK5JZX4CLMzc_QDo4IBdXVEAvsKEY&_nc_zt=23&_nc_ht=scontent.xx&edm=AOgd6ZUEAAAA&_nc_gid=EHtcjvRKjew78KK8RO285w&_nc_tpa=Q5bMBQF17T5P6Fq8bmUAeN4tPEc6qPW2_3OWsPk_IC-7kW7aqRkkW2-duOGkhzJhPb99N_p7u-BveUG4&stp=c0.5000x0.5000f_dst-emg0_q75_tt6&ur=a86139&_nc_sid=58080a&oh=00_Af1CsbrAfJNn1RCzs5N32fC5-PUYmsNBx7MylCQp5iVYFw&oe=69D2FB8D,PAUSED,150,,,,,,,
27/03/2026,Suplementação na Prática,[RA][Leads][Captação] Lançamento MGP,[ADV] Aberto,VD004 - Deixa eu te fazer,120242147044350429,"0,01",0,0,0,0,0,1,1,10,1,0,https://www.instagram.com/p/DWFNxMTAGvM/,https://scontent.xx.fbcdn.net/v/t15.5256-10/629839477_2322858814791813_7854841327346575003_n.jpg?_nc_cat=104&ccb=1-7&_nc_ohc=G5XRTSyFR0EQ7kNvwHt1tT_&_nc_oc=AdrosaSC2krFVbJ_pI_wNONZjB8lh_7ZYC9jHMd8cpx273AQ_HY7m7jvNH7Fo6Mp7vM&_nc_zt=23&_nc_ht=scontent.xx&edm=AOgd6ZUEAAAA&_nc_gid=EHtcjvRKjew78KK8RO285w&_nc_tpa=Q5bMBQFjIg05W2MgEUyqbmmhCVQtEKUe5qKd5ZOiJyB688VJfcIQCmx97ihU3xLL53DRHIiexAsIB10y&stp=c0.5000x0.5000f_dst-emg0_q75_tt6&ur=a86139&_nc_sid=58080a&oh=00_Af2BdUqK63-S8MprjHNbLSXghekj_GM4Qnpe3HjaF9u0HA&oe=69D2EFF6,PAUSED,150,,,,,,,
27/03/2026,Suplementação na Prática,[RA][Leads][Captação] Lançamento MGP,[ADV] Aberto,VD005 - É o fim do pasto,120242241534940429,"118,56",0,0,0,105,279,1556,"1,11","76,2",886,194,https://www.instagram.com/p/DWL6VLlgDTJ/,https://scontent.xx.fbcdn.net/v/t15.5256-10/655079821_1465958455172370_942502284241872289_n.jpg?_nc_cat=111&ccb=1-7&_nc_ohc=oO3qA3gJAIcQ7kNvwHJfgPC&_nc_oc=AdrhsDiK1oqd0GZNSbrhj1rRnGwQinGCR8y8MCQhdYntdHN9OARM7ncunkl1FCk-Usw&_nc_zt=23&_nc_ht=scontent.xx&edm=AOgd6ZUEAAAA&_nc_gid=EHtcjvRKjew78KK8RO285w&_nc_tpa=Q5bMBQG4ibndXjZg2xoM_cUXUUKLlz9EFheazLy4DTMEhZxtKbpjWOxmFXb2xbn7E3pLJFn3aB1pfpFf&stp=c0.5000x0.5000f_dst-emg0_q75_tt6&ur=a86139&_nc_sid=58080a&oh=00_Af3OFb8mMZd3sxz4IzQOLQKSjyyhX2cLCzzZnFZDK9YSrQ&oe=69D2E446,ACTIVE,150,,,,,,,
27/03/2026,Suplementação na Prática,[RA][Leads][Captação] Lançamento MGP,[ADV] Aberto,VD006 - O que é o método,120242241534000429,"6,64",0,0,0,3,8,443,"1,15","14,99",120,24,https://www.instagram.com/p/DWL6WKzgGsK/,https://scontent.xx.fbcdn.net/v/t15.5256-10/656207019_1890315121847048_5837279791465239010_n.jpg?_nc_cat=110&ccb=1-7&_nc_ohc=isu0JFTqO1cQ7kNvwHAH0GR&_nc_oc=Adp3wqMzUXS28J9ZO1-QG4LN7snVi2JYPuPfXt3H5fBl4YCIzwtQRV6Qvxc5bPI8oNM&_nc_zt=23&_nc_ht=scontent.xx&edm=AOgd6ZUEAAAA&_nc_gid=EHtcjvRKjew78KK8RO285w&_nc_tpa=Q5bMBQGUIipMEcdneZ2mZr_UkukxKK8VRuhDKc5fbQ2j9izzc2zeRaVhBkGxQ4vhziUewt-8_vSFmmmK&stp=c0.5000x0.5000f_dst-emg0_q75_tt6&ur=a86139&_nc_sid=58080a&oh=00_Af3kW7CWtUkVUPSbcEjdUSq5nFjihoJOANHoYL8bf00LAA&oe=69D2E5B9,ACTIVE,150,,,,,,,
27/03/2026,Suplementação na Prática,[RA][Leads][Captação] Lançamento MGP,[ADV] Aberto,VD007 - Imagine você gerenciar,120242241530260429,"3,89",0,0,0,3,4,243,"1,09","16,01",70,21,https://www.instagram.com/p/DWL6VEvgEuq/,https://scontent.xx.fbcdn.net/v/t15.5256-10/653836975_1180705807312413_3350291296595275000_n.jpg?_nc_cat=102&ccb=1-7&_nc_ohc=4iLMxRq6hpYQ7kNvwHVInIX&_nc_oc=AdrTBKZ8Mu2h4YNJyqz6ew7JvkHKF5hQHGofUOmAAmvi6kQKZJgE_SVa_6RL9xKsRIU&_nc_zt=23&_nc_ht=scontent.xx&edm=AOgd6ZUEAAAA&_nc_gid=EHtcjvRKjew78KK8RO285w&_nc_tpa=Q5bMBQG54YACGes37ZCmBcOlRLcILm4eUbc9kTXkjfiqCsPPPywMUAZoc8iPjDzy3pacUe7c1V1d9LPV&stp=c0.5000x0.5000f_dst-emg0_q75_tt6&ur=a86139&_nc_sid=58080a&oh=00_Af3wxDljsCQJ_OfTayHRgqioh8BmojmB6LPpiINhaMzHmQ&oe=69D2E669,ACTIVE,150,,,,,,,
28/03/2026,Suplementação na Prática,[RA][Leads][Captação] Lançamento MGP,[ADV] Aberto,AD005 - O erro típico,120241822139270429,"0,58",0,0,0,0,0,45,"1,12","12,89",0,0,https://www.instagram.com/p/DV_JT1ZACeP/,https://external.xx.fbcdn.net/emg1/v/t13/12579726523685991450?url=https%3A%2F%2Fwww.facebook.com%2Fads%2Fimage%2F%3Fd%3DAQKsonrFFmmgjsbySMZykMGbecKmUjdQgE3UDN7hDNdBAdFU_KD3QdAVDnv0-uLICKUIcrSBkC7wXNbLPM2paHK0IYcXee4UwA7G-jCpGYObcB1DKWfDNEw4XN80Of0QWbpo7a4XSiGBbFFW6XyfOGTl&fb_obo=1&utld=facebook.com&stp=c0.5000x0.5000f_dst-emg0_q75_tt6&edm=AOgd6ZUEAAAA&_nc_gid=EHtcjvRKjew78KK8RO285w&_nc_oc=Adp4G8O2xtLsypDoI6OStLVcNP0WI-xmbZdxPlEUiRZDQUHaQEWaWUNJlbgDs-AwCUY&ccb=13-1&oh=06_Q3-9AT0XWHjhn-e-11CpoNMvbK9JafPrsEtzvgoerWOPtt3r&oe=69CEFE25&_nc_sid=58080a,PAUSED,150,,,,,,,
28/03/2026,Suplementação na Prática,[RA][Leads][Captação] Lançamento MGP,[ADV] Aberto,AD006 - Saia do achismo,120241822139290429,"0,03",0,0,0,0,0,3,1,10,0,0,https://www.instagram.com/p/DV_JTtrADSU/,https://external.xx.fbcdn.net/emg1/v/t13/239684281149676357?url=https%3A%2F%2Fwww.facebook.com%2Fads%2Fimage%2F%3Fd%3DAQLdPCGfmZMwaaEhO-vBI1NTcZsPc0PeGr9YHOkz_WJVis44vjGPWmOFi34KJRorz1ivJbXU8_VnOoakHMPbzj3-ucopGBduvehKz9u1Ai-wnjYCm4NdxRKYkkUgFYL2_D3_MkF2qGmBdlkJ1hGk8QFT&fb_obo=1&utld=facebook.com&stp=c0.5000x0.5000f_dst-emg0_q75_tt6&edm=AOgd6ZUEAAAA&_nc_gid=EHtcjvRKjew78KK8RO285w&_nc_oc=Adrp5PhsrxjzBYpv3BKXZ6Nmxf7k-UH4gM5E8vt-CMIC31UnEaW0VE_sqN5nlHs2pxw&ccb=13-1&oh=06_Q3-9AaNo0XsH09Hu_bJxHtM0sh37XXlzkWsCiPy4VTXL3gwx&oe=69CF0F10&_nc_sid=58080a,PAUSED,150,,,,,,,
28/03/2026,Suplementação na Prática,[RA][Leads][Captação] Lançamento MGP,[ADV] Aberto,AD010 VAR1 - Faltam 3 dias,120242381849530429,"0,01",0,0,0,0,0,6,1,"1,67",0,0,https://www.instagram.com/p/DWUZ-46AJB0/,https://external.xx.fbcdn.net/emg1/v/t13/10562429774839636870?url=https%3A%2F%2Fwww.facebook.com%2Fads%2Fimage%2F%3Fd%3DAQIN5uC-EVmPaXkxoyEQaMINQWTSLALcKBgrf7NMLK-Keq69BdFRavSvLunxoxqMtT0T7JyLJGiVGlsYAml5su6JvndmZ8EM4mnO2CpORKd4Hzg7tqQFzq_pYowlOGgx6fMMkct7pbSONiPnFGxjlqrW&fb_obo=1&utld=facebook.com&stp=c0.5000x0.5000f_dst-emg0_q75_tt6&edm=AOgd6ZUEAAAA&_nc_gid=EHtcjvRKjew78KK8RO285w&_nc_oc=Adq5lnzZIDzYuFjicHasIK2pZwG3rajy1c2EYOHsRlYrGwpxyW4TbBfBapw8AbGG0Rc&ccb=13-1&oh=06_Q3-9AU_9XLwAgs41Rc_esuQnQjz6QkjR4s1kNL_l1LAX3ctT&oe=69CEED99&_nc_sid=58080a,PAUSED,150,,,,,,,
28/03/2026,Suplementação na Prática,[RA][Leads][Captação] Lançamento MGP,[ADV] Aberto,AD010 VAR2 - Faltam 3 dias,120242381849490429,"0,19",0,0,0,1,1,23,"1,15","8,26",0,0,https://www.instagram.com/p/DWUZ-0TgDz8/,https://external.xx.fbcdn.net/emg1/v/t13/9822041490597055850?url=https%3A%2F%2Fwww.facebook.com%2Fads%2Fimage%2F%3Fd%3DAQJ2FN-lZdDFWrp5WHlRwpOHbADHOlfg4y4UqMIWeTX-ek8l6sdXJle7xDc9MzCwKJedEUG3grdm4c2Wy6FS875KjwMMe7KVo2fHp-dybefkxae4jwfOJHaWY4PJ8IHqXXAUJsCVG2HE9AP88sQQVgYM&fb_obo=1&utld=facebook.com&stp=c0.5000x0.5000f_dst-emg0_q75_tt6&edm=AOgd6ZUEAAAA&_nc_gid=EHtcjvRKjew78KK8RO285w&_nc_oc=Adqrkqh-SEB3Dmg2MrvMS9FW4p2ozYEaRVO_f78wsyaI7KQISw_3TYfGAJxkp2ezJTU&ccb=13-1&oh=06_Q3-9AVcm1Vb8HmD8ESi0v2eISUKc-3pCIM9NpOVpjrk8eM3D&oe=69CF08A1&_nc_sid=58080a,PAUSED,150,,,,,,,
28/03/2026,Suplementação na Prática,[RA][Leads][Captação] Lançamento MGP,[ADV] Aberto,VD002 - Imagina você gerenciar,120242147053410429,"1,74",0,0,0,4,7,27,"1,12","64,44",12,7,https://www.instagram.com/p/DWFNvlygC-i/,https://scontent.xx.fbcdn.net/v/t15.5256-10/653634770_1492693735906037_6767426430020073276_n.jpg?_nc_cat=102&ccb=1-7&_nc_ohc=YtrYd_dWM2MQ7kNvwGdD-DY&_nc_oc=AdqrSkbtJWj5_1NZ5g6jujZbs7TM3Tc115mpLtkK5JZX4CLMzc_QDo4IBdXVEAvsKEY&_nc_zt=23&_nc_ht=scontent.xx&edm=AOgd6ZUEAAAA&_nc_gid=EHtcjvRKjew78KK8RO285w&_nc_tpa=Q5bMBQF17T5P6Fq8bmUAeN4tPEc6qPW2_3OWsPk_IC-7kW7aqRkkW2-duOGkhzJhPb99N_p7u-BveUG4&stp=c0.5000x0.5000f_dst-emg0_q75_tt6&ur=a86139&_nc_sid=58080a&oh=00_Af1CsbrAfJNn1RCzs5N32fC5-PUYmsNBx7MylCQp5iVYFw&oe=69D2FB8D,PAUSED,150,,,,,,,
28/03/2026,Suplementação na Prática,[RA][Leads][Captação] Lançamento MGP,[ADV] Aberto,VD003 - Cansado de roçar,120242147053420429,"0,65",0,0,0,0,1,15,1,"43,33",4,1,https://www.instagram.com/p/DWFNvzmgHv1/,https://scontent.xx.fbcdn.net/v/t15.5256-10/652785543_1825205544811751_9130336935094913656_n.jpg?_nc_cat=109&ccb=1-7&_nc_ohc=h1hfmToNfn0Q7kNvwHF2dTn&_nc_oc=AdoLdj_YfCkKkY7LkWnviZA8Til2viw6pjJPnZ6wu-QqxvF23021yQYOoYu5T04TugE&_nc_zt=23&_nc_ht=scontent.xx&edm=AOgd6ZUEAAAA&_nc_gid=EHtcjvRKjew78KK8RO285w&_nc_tpa=Q5bMBQHwXlnH7_MCiDWYYnNxFvl4ckcEsTHVVjQmr1JiF6GjncyUdEfqPCdkrbWkTSHNp8C5oWVOKUgM&stp=c0.5000x0.5000f_dst-emg0_q75_tt6&ur=a86139&_nc_sid=58080a&oh=00_Af1Fc6teK4dQVqp02-r-HZWtZewTCk2EAoa3HiSPO1ao4Q&oe=69D2F54B,PAUSED,150,,,,,,,
28/03/2026,Suplementação na Prática,[RA][Leads][Captação] Lançamento MGP,[ADV] Aberto,VD005 - É o fim do pasto,120242241534940429,"129,4",0,0,0,131,341,2739,"1,13","47,24",1428,261,https://www.instagram.com/p/DWL6VLlgDTJ/,https://scontent.xx.fbcdn.net/v/t15.5256-10/655079821_1465958455172370_942502284241872289_n.jpg?_nc_cat=111&ccb=1-7&_nc_ohc=oO3qA3gJAIcQ7kNvwHJfgPC&_nc_oc=AdrhsDiK1oqd0GZNSbrhj1rRnGwQinGCR8y8MCQhdYntdHN9OARM7ncunkl1FCk-Usw&_nc_zt=23&_nc_ht=scontent.xx&edm=AOgd6ZUEAAAA&_nc_gid=EHtcjvRKjew78KK8RO285w&_nc_tpa=Q5bMBQG4ibndXjZg2xoM_cUXUUKLlz9EFheazLy4DTMEhZxtKbpjWOxmFXb2xbn7E3pLJFn3aB1pfpFf&stp=c0.5000x0.5000f_dst-emg0_q75_tt6&ur=a86139&_nc_sid=58080a&oh=00_Af3OFb8mMZd3sxz4IzQOLQKSjyyhX2cLCzzZnFZDK9YSrQ&oe=69D2E446,ACTIVE,150,,,,,,,
28/03/2026,Suplementação na Prática,[RA][Leads][Captação] Lançamento MGP,[ADV] Aberto,VD006 - O que é o método,120242241534000429,"4,14",0,0,0,6,11,255,"1,05","16,24",72,20,https://www.instagram.com/p/DWL6WKzgGsK/,https://scontent.xx.fbcdn.net/v/t15.5256-10/656207019_1890315121847048_5837279791465239010_n.jpg?_nc_cat=110&ccb=1-7&_nc_ohc=isu0JFTqO1cQ7kNvwHAH0GR&_nc_oc=Adp3wqMzUXS28J9ZO1-QG4LN7snVi2JYPuPfXt3H5fBl4YCIzwtQRV6Qvxc5bPI8oNM&_nc_zt=23&_nc_ht=scontent.xx&edm=AOgd6ZUEAAAA&_nc_gid=EHtcjvRKjew78KK8RO285w&_nc_tpa=Q5bMBQGUIipMEcdneZ2mZr_UkukxKK8VRuhDKc5fbQ2j9izzc2zeRaVhBkGxQ4vhziUewt-8_vSFmmmK&stp=c0.5000x0.5000f_dst-emg0_q75_tt6&ur=a86139&_nc_sid=58080a&oh=00_Af3kW7CWtUkVUPSbcEjdUSq5nFjihoJOANHoYL8bf00LAA&oe=69D2E5B9,ACTIVE,150,,,,,,,
28/03/2026,Suplementação na Prática,[RA][Leads][Captação] Lançamento MGP,[ADV] Aberto,VD007 - Imagine você gerenciar,120242241530260429,"0,26",0,0,0,1,1,29,"1,04","8,97",16,3,https://www.instagram.com/p/DWL6VEvgEuq/,https://scontent.xx.fbcdn.net/v/t15.5256-10/653836975_1180705807312413_3350291296595275000_n.jpg?_nc_cat=102&ccb=1-7&_nc_ohc=4iLMxRq6hpYQ7kNvwHVInIX&_nc_oc=AdrTBKZ8Mu2h4YNJyqz6ew7JvkHKF5hQHGofUOmAAmvi6kQKZJgE_SVa_6RL9xKsRIU&_nc_zt=23&_nc_ht=scontent.xx&edm=AOgd6ZUEAAAA&_nc_gid=EHtcjvRKjew78KK8RO285w&_nc_tpa=Q5bMBQG54YACGes37ZCmBcOlRLcILm4eUbc9kTXkjfiqCsPPPywMUAZoc8iPjDzy3pacUe7c1V1d9LPV&stp=c0.5000x0.5000f_dst-emg0_q75_tt6&ur=a86139&_nc_sid=58080a&oh=00_Af3wxDljsCQJ_OfTayHRgqioh8BmojmB6LPpiINhaMzHmQ&oe=69D2E669,ACTIVE,150,,,,,,,
29/03/2026,Suplementação na Prática,[RA][Leads][Captação] Lançamento MGP,[ADV] Aberto,AD003 - Gestão do pasto,120241822139310429,"4,55",0,0,0,10,13,1594,"1,33","2,85",0,0,https://www.instagram.com/p/DV_JT0HAH3v/,https://external.xx.fbcdn.net/emg1/v/t13/13065861944801083276?url=https%3A%2F%2Fwww.facebook.com%2Fads%2Fimage%2F%3Fd%3DAQLh66VnSc8ueAngUAt9v4G2PSmdI7vR6mTn84pf9pcI0zh2fkD1y_1OEcWygQxzlgsPwj8tX30dTnuI7v3J8c09jeid4W57h0wWI5E_3S8JHl03HtYPIwRHnEaeN6xllT9kheCHKM-RG0nzyXA3A1fo&fb_obo=1&utld=facebook.com&stp=c0.5000x0.5000f_dst-emg0_q75_tt6&edm=AOgd6ZUEAAAA&_nc_gid=EHtcjvRKjew78KK8RO285w&_nc_oc=AdqcCqbGnsxXewkdruGrKrsXkhHyQ6aO1wRwycX3BJMec925ClcwujLGI8p8WXLhghg&ccb=13-1&oh=06_Q3-9AdHIlmKLo0ODKNSuHOHnrniau0mZmhbUgW8u-cZ3hOmQ&oe=69CF02F8&_nc_sid=58080a,ACTIVE,150,,,,,,,
29/03/2026,Suplementação na Prática,[RA][Leads][Captação] Lançamento MGP,[ADV] Aberto,AD005 - O erro típico,120241822139270429,"0,19",0,0,0,0,1,33,"1,03","5,76",0,0,https://www.instagram.com/p/DV_JT1ZACeP/,https://external.xx.fbcdn.net/emg1/v/t13/12579726523685991450?url=https%3A%2F%2Fwww.facebook.com%2Fads%2Fimage%2F%3Fd%3DAQKsonrFFmmgjsbySMZykMGbecKmUjdQgE3UDN7hDNdBAdFU_KD3QdAVDnv0-uLICKUIcrSBkC7wXNbLPM2paHK0IYcXee4UwA7G-jCpGYObcB1DKWfDNEw4XN80Of0QWbpo7a4XSiGBbFFW6XyfOGTl&fb_obo=1&utld=facebook.com&stp=c0.5000x0.5000f_dst-emg0_q75_tt6&edm=AOgd6ZUEAAAA&_nc_gid=EHtcjvRKjew78KK8RO285w&_nc_oc=Adp4G8O2xtLsypDoI6OStLVcNP0WI-xmbZdxPlEUiRZDQUHaQEWaWUNJlbgDs-AwCUY&ccb=13-1&oh=06_Q3-9AT0XWHjhn-e-11CpoNMvbK9JafPrsEtzvgoerWOPtt3r&oe=69CEFE25&_nc_sid=58080a,PAUSED,150,,,,,,,
29/03/2026,Suplementação na Prática,[RA][Leads][Captação] Lançamento MGP,[ADV] Aberto,AD007 - Enquete do manejo,120241822139280429,"0,1",0,0,0,0,1,4,1,25,0,0,https://www.instagram.com/p/DV_JTyNAJj7/,https://external.xx.fbcdn.net/emg1/v/t13/8839943925757702190?url=https%3A%2F%2Fwww.facebook.com%2Fads%2Fimage%2F%3Fd%3DAQK9aLL_ddq8TpT-yP3MwHE-7mLlFB6cU5NoYSyaPLqPUtybt0XG4CiNHdJCdAJoNMFJg6vdHi2TOpmDykFckVdSR83eTvruAqqj3HqZftCWibcdE6k9yDQwzB0LwBc_wEsmfT4wNlZcwhRU2ZOAi5Kw&fb_obo=1&utld=facebook.com&stp=c0.5000x0.5000f_dst-emg0_q75_tt6&edm=AOgd6ZUEAAAA&_nc_gid=EHtcjvRKjew78KK8RO285w&_nc_oc=Adp0cZS_M8nhbdFCwx0EiiSlL-eHKE9jWHO6cnGnKe7PJnjqWpLNPSyT6L7STYW0j-Y&ccb=13-1&oh=06_Q3-9ARobn325CrrKDblkQ7-Y9KhceB6Lx9UUHDpe2kjLJnRA&oe=69CF0178&_nc_sid=58080a,PAUSED,150,,,,,,,
29/03/2026,Suplementação na Prática,[RA][Leads][Captação] Lançamento MGP,[ADV] Aberto,AD010 VAR1 - Faltam 3 dias,120242381849530429,"0,01",0,0,0,0,0,1,1,10,0,0,https://www.instagram.com/p/DWUZ-46AJB0/,https://external.xx.fbcdn.net/emg1/v/t13/10562429774839636870?url=https%3A%2F%2Fwww.facebook.com%2Fads%2Fimage%2F%3Fd%3DAQIN5uC-EVmPaXkxoyEQaMINQWTSLALcKBgrf7NMLK-Keq69BdFRavSvLunxoxqMtT0T7JyLJGiVGlsYAml5su6JvndmZ8EM4mnO2CpORKd4Hzg7tqQFzq_pYowlOGgx6fMMkct7pbSONiPnFGxjlqrW&fb_obo=1&utld=facebook.com&stp=c0.5000x0.5000f_dst-emg0_q75_tt6&edm=AOgd6ZUEAAAA&_nc_gid=EHtcjvRKjew78KK8RO285w&_nc_oc=Adq5lnzZIDzYuFjicHasIK2pZwG3rajy1c2EYOHsRlYrGwpxyW4TbBfBapw8AbGG0Rc&ccb=13-1&oh=06_Q3-9AU_9XLwAgs41Rc_esuQnQjz6QkjR4s1kNL_l1LAX3ctT&oe=69CEED99&_nc_sid=58080a,PAUSED,150,,,,,,,
29/03/2026,Suplementação na Prática,[RA][Leads][Captação] Lançamento MGP,[ADV] Aberto,AD012 VAR2 - É Amanhã,120242381849470429,"0,46",0,0,0,1,1,13,1,"35,38",0,0,https://www.instagram.com/p/DWUZ-bTgIJi/,https://external.xx.fbcdn.net/emg1/v/t13/7112192169838982574?url=https%3A%2F%2Fwww.facebook.com%2Fads%2Fimage%2F%3Fd%3DAQJ0Vbb70a7fMcVaBIYqGQ_q8j50FI1aQ-EQSi0AwO3lodc9TKuMPPYHnzzy8EP4gosvf6Ls_5Qy5Qm6xiDxn5-mHsWBsLVea5wLkqy2Ljo8Ohze02qY-OQ1w0Fth4ueBTLJRT0IQTMtEs2CLiVldrgQ&fb_obo=1&utld=facebook.com&stp=c0.5000x0.5000f_dst-emg0_q75_tt6&edm=AOgd6ZUEAAAA&_nc_gid=EHtcjvRKjew78KK8RO285w&_nc_oc=Adq6rXLnONzmkelONQsv7xuS2RpKZFkx5gke4RsQMjcNm96QHceqp8J5O6Kwtt18OjI&ccb=13-1&oh=06_Q3-9AYwMEAfGvs8JxjJ_upULgl0mJ1Uy0cXJotcylNlqBR37&oe=69CEF241&_nc_sid=58080a,ACTIVE,150,,,,,,,
29/03/2026,Suplementação na Prática,[RA][Leads][Captação] Lançamento MGP,[ADV] Aberto,VD002 - Imagina você gerenciar,120242147053410429,"5,64",0,0,0,4,11,65,"1,08","86,77",28,16,https://www.instagram.com/p/DWFNvlygC-i/,https://scontent.xx.fbcdn.net/v/t15.5256-10/653634770_1492693735906037_6767426430020073276_n.jpg?_nc_cat=102&ccb=1-7&_nc_ohc=YtrYd_dWM2MQ7kNvwGdD-DY&_nc_oc=AdqrSkbtJWj5_1NZ5g6jujZbs7TM3Tc115mpLtkK5JZX4CLMzc_QDo4IBdXVEAvsKEY&_nc_zt=23&_nc_ht=scontent.xx&edm=AOgd6ZUEAAAA&_nc_gid=EHtcjvRKjew78KK8RO285w&_nc_tpa=Q5bMBQF17T5P6Fq8bmUAeN4tPEc6qPW2_3OWsPk_IC-7kW7aqRkkW2-duOGkhzJhPb99N_p7u-BveUG4&stp=c0.5000x0.5000f_dst-emg0_q75_tt6&ur=a86139&_nc_sid=58080a&oh=00_Af1CsbrAfJNn1RCzs5N32fC5-PUYmsNBx7MylCQp5iVYFw&oe=69D2FB8D,PAUSED,150,,,,,,,
29/03/2026,Suplementação na Prática,[RA][Leads][Captação] Lançamento MGP,[ADV] Aberto,VD005 - É o fim do pasto,120242241534940429,"223,78",0,0,0,246,564,5500,"1,17","40,69",2962,514,https://www.instagram.com/p/DWL6VLlgDTJ/,https://scontent.xx.fbcdn.net/v/t15.5256-10/655079821_1465958455172370_942502284241872289_n.jpg?_nc_cat=111&ccb=1-7&_nc_ohc=oO3qA3gJAIcQ7kNvwHJfgPC&_nc_oc=AdrhsDiK1oqd0GZNSbrhj1rRnGwQinGCR8y8MCQhdYntdHN9OARM7ncunkl1FCk-Usw&_nc_zt=23&_nc_ht=scontent.xx&edm=AOgd6ZUEAAAA&_nc_gid=EHtcjvRKjew78KK8RO285w&_nc_tpa=Q5bMBQG4ibndXjZg2xoM_cUXUUKLlz9EFheazLy4DTMEhZxtKbpjWOxmFXb2xbn7E3pLJFn3aB1pfpFf&stp=c0.5000x0.5000f_dst-emg0_q75_tt6&ur=a86139&_nc_sid=58080a&oh=00_Af3OFb8mMZd3sxz4IzQOLQKSjyyhX2cLCzzZnFZDK9YSrQ&oe=69D2E446,ACTIVE,150,,,,,,,
29/03/2026,Suplementação na Prática,[RA][Leads][Captação] Lançamento MGP,[ADV] Aberto,VD006 - O que é o método,120242241534000429,"12,65",0,0,2,4,14,1371,"1,16","9,23",337,43,https://www.instagram.com/p/DWL6WKzgGsK/,https://scontent.xx.fbcdn.net/v/t15.5256-10/656207019_1890315121847048_5837279791465239010_n.jpg?_nc_cat=110&ccb=1-7&_nc_ohc=isu0JFTqO1cQ7kNvwHAH0GR&_nc_oc=Adp3wqMzUXS28J9ZO1-QG4LN7snVi2JYPuPfXt3H5fBl4YCIzwtQRV6Qvxc5bPI8oNM&_nc_zt=23&_nc_ht=scontent.xx&edm=AOgd6ZUEAAAA&_nc_gid=EHtcjvRKjew78KK8RO285w&_nc_tpa=Q5bMBQGUIipMEcdneZ2mZr_UkukxKK8VRuhDKc5fbQ2j9izzc2zeRaVhBkGxQ4vhziUewt-8_vSFmmmK&stp=c0.5000x0.5000f_dst-emg0_q75_tt6&ur=a86139&_nc_sid=58080a&oh=00_Af3kW7CWtUkVUPSbcEjdUSq5nFjihoJOANHoYL8bf00LAA&oe=69D2E5B9,ACTIVE,150,,,,,,,
29/03/2026,Suplementação na Prática,[RA][Leads][Captação] Lançamento MGP,[ADV] Aberto,VD007 - Imagine você gerenciar,120242241530260429,"5,23",0,0,0,1,3,404,"1,1","12,95",161,37,https://www.instagram.com/p/DWL6VEvgEuq/,https://scontent.xx.fbcdn.net/v/t15.5256-10/653836975_1180705807312413_3350291296595275000_n.jpg?_nc_cat=102&ccb=1-7&_nc_ohc=4iLMxRq6hpYQ7kNvwHVInIX&_nc_oc=AdrTBKZ8Mu2h4YNJyqz6ew7JvkHKF5hQHGofUOmAAmvi6kQKZJgE_SVa_6RL9xKsRIU&_nc_zt=23&_nc_ht=scontent.xx&edm=AOgd6ZUEAAAA&_nc_gid=EHtcjvRKjew78KK8RO285w&_nc_tpa=Q5bMBQG54YACGes37ZCmBcOlRLcILm4eUbc9kTXkjfiqCsPPPywMUAZoc8iPjDzy3pacUe7c1V1d9LPV&stp=c0.5000x0.5000f_dst-emg0_q75_tt6&ur=a86139&_nc_sid=58080a&oh=00_Af3wxDljsCQJ_OfTayHRgqioh8BmojmB6LPpiINhaMzHmQ&oe=69D2E669,ACTIVE,150,,,,,,,